"","water_year","species","run","release_date","release_time","release_datetime","release_container_id","release_id","crew","morts","shed_tags","fish_released","comments","entered_by","qaqc_by","qaqc_comments","block"
"1","2024","Chinook Salmon","late-fall",2023-12-06,"9:09",2023-12-06 09:09:00,"RT-1","Block 1 RT-1","EH, KB","0","0","10","","PH","EH","","Block 1"
"2","2024","Chinook Salmon","late-fall",2023-12-06,"12:05",2023-12-06 12:05:00,"RT-2","Block 1 RT-2","EH, KB","0","0","10","","PH","EH","","Block 1"
"3","2024","Chinook Salmon","late-fall",2023-12-06,"15:01",2023-12-06 15:01:00,"RT-3","Block 1 RT-3","AC, EH, KB","0","0","10","","PH","EH","","Block 1"
"4","2024","Chinook Salmon","late-fall",2023-12-06,"17:59",2023-12-06 17:59:00,"RT-4","Block 1 RT-4","EH, KB","0","0","10","","PH","EH","","Block 1"
"5","2024","Chinook Salmon","late-fall",2023-12-06,"21:06",2023-12-06 21:06:00,"RT-5","Block 1 RT-5","AK, BK, TS","0","0","10","","PH","EH","","Block 1"
"6","2024","Chinook Salmon","late-fall",2023-12-07,"0:06",2023-12-07 00:06:00,"RT-6","Block 1 RT-6","AK, BK, TS","0","0","10","","PH","EH","","Block 1"
"7","2024","Chinook Salmon","late-fall",2023-12-07,"3:05",2023-12-07 03:05:00,"RT-7","Block 1 RT-7","AK, BK, TS","0","0","10","","PH","EH","","Block 1"
"8","2024","Chinook Salmon","late-fall",2023-12-07,"9:10",2023-12-07 09:10:00,"RT-9","Block 1 RT-9","EH, NS","0","0","10","","PH","EH","","Block 1"
"9","2024","Chinook Salmon","late-fall",2023-12-07,"12:12",2023-12-07 12:12:00,"RT-10","Block 1 RT-10","EH, NS","0","0","10","","PH","EH","","Block 1"
"10","2024","Chinook Salmon","late-fall",2023-12-07,"15:10",2023-12-07 15:10:00,"RT-11","Block 1 RT-11","EH, NS","0","0","10","","PH","EH","","Block 1"
"11","2024","Chinook Salmon","late-fall",2023-12-07,"18:05",2023-12-07 18:05:00,"RT-12","Block 1 RT-12","EH, NS","0","0","10","","PH","EH","","Block 1"
"12","2024","Chinook Salmon","late-fall",2023-12-07,"21:35",2023-12-07 21:35:00,"RT-13","Block 1 RT-13","AL, AW, BS","0","0","10","","PH","EH","","Block 1"
"13","2024","Chinook Salmon","late-fall",2023-12-08,"0:12",2023-12-08 00:12:00,"RT-14","Block 1 RT-14","AL, AW, BS","0","0","10","","PH","EH","","Block 1"
"14","2024","Chinook Salmon","late-fall",2023-12-08,"3:09",2023-12-08 03:09:00,"RT-15","Block 1 RT-15","AL, AW, BS","0","0","10","","PH","EH","","Block 1"
"15","2024","Chinook Salmon","late-fall",2023-12-08,"6:09",2023-12-08 06:09:00,"RT-16","Block 1 RT-16","AL, AW, BS","0","0","10","","PH","EH","","Block 1"
"16","2024","Chinook Salmon","late-fall",2023-12-08,"9:40",2023-12-08 09:40:00,"RT-17","Block 1 RT-17","AT, EC","0","0","10","","PH","EH","","Block 1"
"17","2024","Chinook Salmon","late-fall",2023-12-08,"12:17",2023-12-08 12:17:00,"RT-18","Block 1 RT-18","AT, EC","0","0","10","","PH","EH","","Block 1"
"18","2024","Chinook Salmon","late-fall",2023-12-08,"15:15",2023-12-08 15:15:00,"RT-19","Block 1 RT-19","AT, EC","0","0","10","","PH","EH","","Block 1"
"19","2024","Chinook Salmon","late-fall",2023-12-08,"18:11",2023-12-08 18:11:00,"RT-20","Block 1 RT-20","AT, EC","0","0","10","","PH","EH","","Block 1"
"20","2024","Chinook Salmon","late-fall",2023-12-08,"21:26",2023-12-08 21:26:00,"RT-21","Block 1 RT-21","AL, AC, MD","0","0","10","","PH","EH","","Block 1"
"21","2024","Chinook Salmon","late-fall",2023-12-09,"0:16",2023-12-09 00:16:00,"RT-22","Block 1 RT-22","AL, AC, MD","0","0","10","","PH","EH","","Block 1"
"22","2024","Chinook Salmon","late-fall",2023-12-09,"3:14",2023-12-09 03:14:00,"RT-23","Block 1 RT-23","AL, AC, MD","0","0","10","","PH","EH","","Block 1"
"23","2024","Chinook Salmon","late-fall",2023-12-09,"6:10",2023-12-09 06:10:00,"RT-24","Block 1 RT-24","AL, AC, MD","0","0","10","","PH","EH","","Block 1"
"24","2024","Chinook Salmon","late-fall",2023-12-13,"9:15",2023-12-13 09:15:00,"RT-1","Block 2 RT-1","NS, TA","0","0","10","","PH","EH","","Block 2"
"25","2024","Chinook Salmon","late-fall",2023-12-13,"12:06",2023-12-13 12:06:00,"RT-2","Block 2 RT-2","NS, TA","0","0","10","","PH","EH","","Block 2"
"26","2024","Chinook Salmon","late-fall",2023-12-13,"15:09",2023-12-13 15:09:00,"RT-3","Block 2 RT-3","NS, TA","0","0","10","","PH","EH","","Block 2"
"27","2024","Chinook Salmon","late-fall",2023-12-13,"18:05",2023-12-13 18:05:00,"RT-4","Block 2 RT-4","NS, TA","0","0","10","","PH","EH","","Block 2"
"28","2024","Chinook Salmon","late-fall",2023-12-13,"21:18",2023-12-13 21:18:00,"RT-5","Block 2 RT-5","MC, PH","0","0","10","","PH","EH","","Block 2"
"29","2024","Chinook Salmon","late-fall",2023-12-14,"0:15",2023-12-14 00:15:00,"RT-6","Block 2 RT-6","MC, TC","0","0","10","","PH","EH","","Block 2"
"30","2024","Chinook Salmon","late-fall",2023-12-14,"3:12",2023-12-14 03:12:00,"RT-7","Block 2 RT-7","MC, PH","0","0","10","","PH","EH","","Block 2"
"31","2024","Chinook Salmon","late-fall",2023-12-14,"6:04",2023-12-14 06:04:00,"RT-8","Block 2 RT-8","MC, TC","0","0","10","","PH","EH","","Block 2"
"32","2024","Chinook Salmon","late-fall",2023-12-14,"9:12",2023-12-14 09:12:00,"RT-9","Block 2 RT-9","AL, TA","0","0","10","","PH","EH","","Block 2"
"33","2024","Chinook Salmon","late-fall",2023-12-14,"12:04",2023-12-14 12:04:00,"RT-10","Block 2 RT-10","AL, TA","0","0","10","","PH","EH","","Block 2"
"34","2024","Chinook Salmon","late-fall",2023-12-14,"15:04",2023-12-14 15:04:00,"RT-11","Block 2 RT-11","AL, TA","0","0","10","","PH","EH","","Block 2"
"35","2024","Chinook Salmon","late-fall",2023-12-14,"18:02",2023-12-14 18:02:00,"RT-12","Block 2 RT-12","AL, TA","0","0","10","","PH","EH","","Block 2"
"36","2024","Chinook Salmon","late-fall",2023-12-14,"21:16",2023-12-14 21:16:00,"RT-13","Block 2 RT-13","MC, PH","0","0","10","","PH","EH","","Block 2"
"37","2024","Chinook Salmon","late-fall",2023-12-15,"0:19",2023-12-15 00:19:00,"RT-14","Block 2 RT-14","MC, PH","0","0","10","","PH","EH","","Block 2"
"38","2024","Chinook Salmon","late-fall",2023-12-15,"3:07",2023-12-15 03:07:00,"RT-15","Block 2 RT-15","MD, MC","0","0","10","","PH","EH","","Block 2"
"39","2024","Chinook Salmon","late-fall",2023-12-15,"6:10",2023-12-15 06:10:00,"RT-16","Block 2 RT-16","MD, MC","0","0","10","","PH","EH","","Block 2"
"40","2024","Chinook Salmon","late-fall",2023-12-15,"9:04",2023-12-15 09:04:00,"RT-17","Block 2 RT-17","CY, KM","0","0","10","","PH","EH","","Block 2"
"41","2024","Chinook Salmon","late-fall",2023-12-15,"12:04",2023-12-15 12:04:00,"RT-18","Block 2 RT-18","CY, KM","0","0","10","","PH","EH","","Block 2"
"42","2024","Chinook Salmon","late-fall",2023-12-15,"15:03",2023-12-15 15:03:00,"RT-19","Block 2 RT-19","CY, KM","0","0","10","","PH","EH","","Block 2"
"43","2024","Chinook Salmon","late-fall",2023-12-15,"18:01",2023-12-15 18:01:00,"RT-20","Block 2 RT-20","CY, KM","0","0","10","","PH","EH","","Block 2"
"44","2024","Chinook Salmon","late-fall",2023-12-15,"21:20",2023-12-15 21:20:00,"RT-21","Block 2 RT-21","MC, PH","0","0","10","","PH","EH","","Block 2"
"45","2024","Chinook Salmon","late-fall",2023-12-15,"23:58",2023-12-15 23:58:00,"RT-22","Block 2 RT-22","MC, PH","0","0","10","","PH","EH","","Block 2"
"46","2024","Chinook Salmon","late-fall",2023-12-16,"3:03",2023-12-16 03:03:00,"RT-23","Block 2 RT-23","AK, MC","0","0","10","","PH","EH","","Block 2"
"47","2024","Chinook Salmon","late-fall",2023-12-16,"6:11",2023-12-16 06:11:00,"RT-24","Block 2 RT-24","AK, MC","0","0","10","sea lion near release site","PH","EH","","Block 2"
"48","2024","Chinook Salmon","late-fall",2024-01-10,"9:14",2024-01-10 09:14:00,"RT-1","Block 3 RT-1","KM, PH","0","0","10","water too turbid to see morts and shed tags ","PH","EH","","Block 3"
"49","2024","Chinook Salmon","late-fall",2024-01-10,"12:12",2024-01-10 12:12:00,"RT-2","Block 3 RT-2","KM, PH","0","0","10","water too turbid to see morts and shed tags ","PH","EH","","Block 3"
"50","2024","Chinook Salmon","late-fall",2024-01-10,"15:09",2024-01-10 15:09:00,"RT-3","Block 3 RT-3","KM, CY","0","0","10","","PH","EH","","Block 3"
"51","2024","Chinook Salmon","late-fall",2024-01-10,"18:10",2024-01-10 18:10:00,"RT-4","Block 3 RT-4","KM, PH","0","0","10","","PH","EH","","Block 3"
"52","2024","Chinook Salmon","late-fall",2024-01-10,"21:13",2024-01-10 21:13:00,"RT-5","Block 3 RT-5","JH, MD","0","0","10","water too turbid to see shed tags","PH","EH","","Block 3"
"53","2024","Chinook Salmon","late-fall",2024-01-11,"0:10",2024-01-11 00:10:00,"RT-6","Block 3 RT-6","JH, MD","0","0","10","water too turbid to see shed tags","PH","EH","","Block 3"
"54","2024","Chinook Salmon","late-fall",2024-01-11,"3:06",2024-01-11 03:06:00,"RT-7","Block 3 RT-7","JH, AK","0","0","10","water too turbid to see shed tags","PH","EH","","Block 3"
"55","2024","Chinook Salmon","late-fall",2024-01-11,"6:01",2024-01-11 06:01:00,"RT-8","Block 3 RT-8","JH, MD","0","0","10","water too turbid to see shed tags","PH","EH","","Block 3"
"56","2024","Chinook Salmon","late-fall",2024-01-11,"9:22",2024-01-11 09:22:00,"RT-9","Block 3 RT-9","PH, EH","0","0","10","","PH","EH","","Block 3"
"57","2024","Chinook Salmon","late-fall",2024-01-11,"12:14",2024-01-11 12:14:00,"RT-10","Block 3 RT-10","PH, EH","0","0","10","Turbid water","PH","EH","","Block 3"
"58","2024","Chinook Salmon","late-fall",2024-01-11,"15:20",2024-01-11 15:20:00,"RT-11","Block 3 RT-11","PH, EH","0","0","10","","PH","EH","","Block 3"
"59","2024","Chinook Salmon","late-fall",2024-01-11,"18:09",2024-01-11 18:09:00,"RT-12","Block 3 RT-12","PH, EH","0","0","10","water too turbid to see shed tags","PH","EH","","Block 3"
"60","2024","Chinook Salmon","late-fall",2024-01-11,"21:07",2024-01-11 21:07:00,"RT-13","Block 3 RT-13","AW, JH","0","0","10","water too turbid to see shed tags","PH","EH","","Block 3"
"61","2024","Chinook Salmon","late-fall",2024-01-12,"0:11",2024-01-12 00:11:00,"RT-14","Block 3 RT-14","JH, AK","0","0","10","","PH","EH","","Block 3"
"62","2024","Chinook Salmon","late-fall",2024-01-12,"3:09",2024-01-12 03:09:00,"RT-15","Block 3 RT-15","AW, JH","0","0","10","","PH","EH","","Block 3"
"63","2024","Chinook Salmon","late-fall",2024-01-12,"6:11",2024-01-12 06:11:00,"RT-16","Block 3 RT-16","JH, AK","0","0","10","Water too turbid to see tags","PH","EH","","Block 3"
"64","2024","Chinook Salmon","late-fall",2024-01-12,"9:13",2024-01-12 09:13:00,"RT-17","Block 3 RT-17","KM, SB","0","0","10","Turbid water","PH","EH","","Block 3"
"65","2024","Chinook Salmon","late-fall",2024-01-12,"12:14",2024-01-12 12:14:00,"RT-18","Block 3 RT-18","KM, SB","0","0","10","","PH","EH","","Block 3"
"66","2024","Chinook Salmon","late-fall",2024-01-12,"15:08",2024-01-12 15:08:00,"RT-19","Block 3 RT-19","KM, SB","0","0","10","","PH","EH","","Block 3"
"67","2024","Chinook Salmon","late-fall",2024-01-12,"18:09",2024-01-12 18:09:00,"RT-20","Block 3 RT-20","KM, SB","0","0","10","","PH","EH","","Block 3"
"68","2024","Chinook Salmon","late-fall",2024-01-12,"21:16",2024-01-12 21:16:00,"RT-21","Block 3 RT-21","MD, CC","0","0","10","Turbid","PH","EH","","Block 3"
"69","2024","Chinook Salmon","late-fall",2024-01-13,"0:10",2024-01-13 00:10:00,"RT-22","Block 3 RT-22","MD, NS","0","0","10","Turbid","PH","EH","Date incorrect on physical datasheet, should be 1/13","Block 3"
"70","2024","Chinook Salmon","late-fall",2024-01-13,"3:10",2024-01-13 03:10:00,"RT-23","Block 3 RT-23","MD, CC","0","0","10","Turbid","PH","EH","Date incorrect on physical datasheet, should be 1/13","Block 3"
"71","2024","Chinook Salmon","late-fall",2024-01-13,"6:10",2024-01-13 06:10:00,"RT-24","Block 3 RT-24","MD, NS","0","0","10","Turbid","PH","EH","Date incorrect on physical datasheet, should be 1/13","Block 3"
"72","2024","Chinook Salmon","late-fall",2024-01-17,"9:11",2024-01-17 09:11:00,"RT-1","Block 4 RT-1","TA, CR","0","0","10","water very turbid, couldn't see bottom","PH","EH","","Block 4"
"73","2024","Chinook Salmon","late-fall",2024-01-17,"12:09",2024-01-17 12:09:00,"RT-2","Block 4 RT-2","TA, NL","0","0","10","water very turbid, couldn't see bottom","PH","EH","","Block 4"
"74","2024","Chinook Salmon","late-fall",2024-01-17,"15:14",2024-01-17 15:14:00,"RT-3","Block 4 RT-3","TA, CR","0","0","10","water very turbid, couldn't see bottom","PH","EH","","Block 4"
"75","2024","Chinook Salmon","late-fall",2024-01-17,"18:10",2024-01-17 18:10:00,"RT-4","Block 4 RT-4","TA, CR","0","0","10","water very turbid, couldn't see bottom","PH","EH","","Block 4"
"76","2024","Chinook Salmon","late-fall",2024-01-17,"21:09",2024-01-17 21:09:00,"RT-5","Block 4 RT-5","PH, AW","0","0","10","saw fish but no shed tags","PH","EH","","Block 4"
"77","2024","Chinook Salmon","late-fall",2024-01-18,"0:18",2024-01-18 00:18:00,"RT-6","Block 4 RT-6","PH, AW","0","0","10","saw fish but no shed tags","PH","EH","","Block 4"
"78","2024","Chinook Salmon","late-fall",2024-01-18,"3:08",2024-01-18 03:08:00,"RT-7","Block 4 RT-7","AK, AW","0","0","10","saw fish but no shed tags","PH","EH","","Block 4"
"79","2024","Chinook Salmon","late-fall",2024-01-18,"6:07",2024-01-18 06:07:00,"RT-8","Block 4 RT-8","AK, AW","0","0","10","saw fish but no shed tags","PH","EH","","Block 4"
"80","2024","Chinook Salmon","late-fall",2024-01-18,"9:15",2024-01-18 09:15:00,"RT-9","Block 4 RT-9","TA, CR","0","0","10","","PH","EH","","Block 4"
"81","2024","Chinook Salmon","late-fall",2024-01-18,"12:14",2024-01-18 12:14:00,"RT-10","Block 4 RT-10","TA, AC","0","0","10","","PH","EH","","Block 4"
"82","2024","Chinook Salmon","late-fall",2024-01-18,"15:09",2024-01-18 15:09:00,"RT-11","Block 4 RT-11","TA, CR","0","0","10","","PH","EH","","Block 4"
"83","2024","Chinook Salmon","late-fall",2024-01-18,"18:14",2024-01-18 18:14:00,"RT-12","Block 4 RT-12","TA, CR","0","0","10","","PH","EH","","Block 4"
"84","2024","Chinook Salmon","late-fall",2024-01-18,"21:12",2024-01-18 21:12:00,"RT-13","Block 4 RT-13","AW, AL","0","0","10","very muddy could barely see fish ","PH","EH","","Block 4"
"85","2024","Chinook Salmon","late-fall",2024-01-19,"0:12",2024-01-19 00:12:00,"RT-14","Block 4 RT-14","AW, EH","0","0","10","very muddy could barely see fish ","PH","EH","","Block 4"
"86","2024","Chinook Salmon","late-fall",2024-01-19,"3:19",2024-01-19 03:19:00,"RT-15","Block 4 RT-15","AW, AL","0","0","10","very muddy could barely see fish ","PH","EH","","Block 4"
"87","2024","Chinook Salmon","late-fall",2024-01-19,"6:12",2024-01-19 06:12:00,"RT-16","Block 4 RT-16","AW, EH","0","0","10","very muddy could barely see fish ","PH","EH","","Block 4"
"88","2024","Chinook Salmon","late-fall",2024-01-19,"8:55",2024-01-19 08:55:00,"RT-17","Block 4 RT-17","KM, AT","0","0","10","very turbid","PH","EH","","Block 4"
"89","2024","Chinook Salmon","late-fall",2024-01-19,"11:42",2024-01-19 11:42:00,"RT-18","Block 4 RT-18","KM, AT","0","0","10","","PH","EH","","Block 4"
"90","2024","Chinook Salmon","late-fall",2024-01-19,"15:00",2024-01-19 15:00:00,"RT-19","Block 4 RT-19","KM, AT","0","0","10","","PH","EH","","Block 4"
"91","2024","Chinook Salmon","late-fall",2024-01-19,"17:22",2024-01-19 17:22:00,"RT-20","Block 4 RT-20","KM, AT","0","0","10","fish released early due to rain ","PH","EH","","Block 4"
"92","2024","Chinook Salmon","late-fall",2024-01-19,"21:07",2024-01-19 21:07:00,"RT-21","Block 4 RT-21","AW, BS","0","0","10","","PH","EH","","Block 4"
"93","2024","Chinook Salmon","late-fall",2024-01-20,"0:07",2024-01-20 00:07:00,"RT-22","Block 4 RT-22","AW, EH","0","0","10","","PH","EH","","Block 4"
"94","2024","Chinook Salmon","late-fall",2024-01-20,"3:10",2024-01-20 03:10:00,"RT-23","Block 4 RT-23","AW, BS","0","0","10","","PH","EH","","Block 4"
"95","2024","Chinook Salmon","late-fall",2024-01-20,"6:15",2024-01-20 06:15:00,"RT-24","Block 4 RT-24","AW, EH","0","0","10","","PH","EH","","Block 4"
"96","2024","Chinook Salmon","late-fall",2024-02-14,"9:14",2024-02-14 09:14:00,"RT-1","Block 5 RT-1","CY, BK","0","0","10","","PH","EH","","Block 5"
"97","2024","Chinook Salmon","late-fall",2024-02-14,"12:12",2024-02-14 12:12:00,"RT-2","Block 5 RT-2","BK, CY","0","0","10","","PH","EH","","Block 5"
"98","2024","Chinook Salmon","late-fall",2024-02-14,"15:15",2024-02-14 15:15:00,"RT-3","Block 5 RT-3","CY, BK","0","0","10","","PH","EH","","Block 5"
"99","2024","Chinook Salmon","late-fall",2024-02-14,"18:00",2024-02-14 18:00:00,"RT-4","Block 5 RT-4","CY, BK","0","0","10","","PH","EH","","Block 5"
"100","2024","Chinook Salmon","late-fall",2024-02-14,"21:14",2024-02-14 21:14:00,"RT-5","Block 5 RT-5","RM, BS","0","0","10","","PH","EH","","Block 5"
"101","2024","Chinook Salmon","late-fall",2024-02-15,"0:05",2024-02-15 00:05:00,"RT-6","Block 5 RT-6","RM, AC","0","0","10","","PH","EH","","Block 5"
"102","2024","Chinook Salmon","late-fall",2024-02-15,"3:11",2024-02-15 03:11:00,"RT-7","Block 5 RT-7","RM, BS","0","0","10","","PH","EH","","Block 5"
"103","2024","Chinook Salmon","late-fall",2024-02-15,"6:08",2024-02-15 06:08:00,"RT-8","Block 5 RT-8","RM, AC","0","0","10","","PH","EH","","Block 5"
"104","2024","Chinook Salmon","late-fall",2024-02-15,"9:15",2024-02-15 09:15:00,"RT-9","Block 5 RT-9","OJ, CY","0","0","10","","PH","EH","","Block 5"
"105","2024","Chinook Salmon","late-fall",2024-02-15,"12:02",2024-02-15 12:02:00,"RT-10","Block 5 RT-10","CJ, EC","0","0","10","","PH","EH","","Block 5"
"106","2024","Chinook Salmon","late-fall",2024-02-15,"14:53",2024-02-15 14:53:00,"RT-11","Block 5 RT-11","JM, EC, CJ","0","0","10","","PH","EH","","Block 5"
"107","2024","Chinook Salmon","late-fall",2024-02-15,"18:07",2024-02-15 18:07:00,"RT-12","Block 5 RT-12","CJ, EC","0","0","10","","PH","EH","","Block 5"
"108","2024","Chinook Salmon","late-fall",2024-02-15,"21:10",2024-02-15 21:10:00,"RT-13","Block 5 RT-13","MD, RM","0","0","10","","PH","EH","","Block 5"
"109","2024","Chinook Salmon","late-fall",2024-02-16,"0:11",2024-02-16 00:11:00,"RT-14","Block 5 RT-14","MD, RM","0","0","10","Lots of sediment ","PH","EH","","Block 5"
"110","2024","Chinook Salmon","late-fall",2024-02-16,"3:07",2024-02-16 03:07:00,"RT-15","Block 5 RT-15","EH, RM","0","0","10","lots of sediment at bottom","PH","EH","","Block 5"
"111","2024","Chinook Salmon","late-fall",2024-02-16,"6:11",2024-02-16 06:11:00,"RT-16","Block 5 RT-16","EH, RM","0","0","10","","PH","EH","","Block 5"
"112","2024","Chinook Salmon","late-fall",2024-02-16,"8:55",2024-02-16 08:55:00,"RT-17","Block 5 RT-17","KM, AT","0","0","10","","PH","EH","","Block 5"
"113","2024","Chinook Salmon","late-fall",2024-02-16,"12:23",2024-02-16 12:23:00,"RT-18","Block 5 RT-18","TA, JM","0","0","10","","PH","EH","","Block 5"
"114","2024","Chinook Salmon","late-fall",2024-02-16,"15:13",2024-02-16 15:13:00,"RT-19","Block 5 RT-19","TA, JM","0","0","10","","PH","EH","","Block 5"
"115","2024","Chinook Salmon","late-fall",2024-02-16,"18:12",2024-02-16 18:12:00,"RT-20","Block 5 RT-20","TA, JM","0","0","10","","PH","EH","","Block 5"
"116","2024","Chinook Salmon","late-fall",2024-02-16,"21:10",2024-02-16 21:10:00,"RT-21","Block 5 RT-21","RM, AW","0","0","10","","PH","EH","","Block 5"
"117","2024","Chinook Salmon","late-fall",2024-02-17,"0:09",2024-02-17 00:09:00,"RT-22","Block 5 RT-22","JM, EH","0","0","10","","PH","EH","","Block 5"
"118","2024","Chinook Salmon","late-fall",2024-02-17,"3:17",2024-02-17 03:17:00,"RT-23","Block 5 RT-23","AW, RM","0","0","10","","PH","EH","","Block 5"
"119","2024","Chinook Salmon","late-fall",2024-02-17,"6:14",2024-02-17 06:14:00,"RT-24","Block 5 RT-24","RM, EH","0","0","10","","PH","EH","","Block 5"
"120","2024","Chinook Salmon","fall",2024-04-17,"9:13",2024-04-17 09:13:00,"RT-1","Block 6 RT-1","TA, CR","0","0","10","water very turbid ","PH","EH","","Block 6"
"121","2024","Chinook Salmon","fall",2024-04-17,"12:11",2024-04-17 12:11:00,"RT-2","Block 6 RT-2","TA, CY","0","0","10","water very turbid ","PH","EH","","Block 6"
"122","2024","Chinook Salmon","fall",2024-04-17,"15:13",2024-04-17 15:13:00,"RT-3","Block 6 RT-3","TA, JM, CP, KK","0","0","10","water very turbid ","PH","EH","","Block 6"
"123","2024","Chinook Salmon","fall",2024-04-17,"18:08",2024-04-17 18:08:00,"RT-4","Block 6 RT-4","TA, CR","0","0","10","water very turbid ","PH","EH","","Block 6"
"124","2024","Chinook Salmon","fall",2024-04-17,"21:21",2024-04-17 21:21:00,"RT-5","Block 6 RT-5","RM, AL, JS","0","0","10","water very turbid ","PH","EH","","Block 6"
"125","2024","Chinook Salmon","fall",2024-04-18,"0:12",2024-04-18 00:12:00,"RT-6","Block 6 RT-6","RM, AL, JS","0","0","10","water very turbid ","PH","EH","","Block 6"
"126","2024","Chinook Salmon","fall",2024-04-18,"3:18",2024-04-18 03:18:00,"RT-7","Block 6 RT-7","RM, AL, JS","0","0","10","water very turbid ","PH","EH","","Block 6"
"127","2024","Chinook Salmon","fall",2024-04-18,"6:17",2024-04-18 06:17:00,"RT-8","Block 6 RT-8","RM, AL, JS","0","0","10","water very turbid ","PH","EH","","Block 6"
"128","2024","Chinook Salmon","fall",2024-04-18,"9:10",2024-04-18 09:10:00,"RT-9","Block 6 RT-9","TA, NS","0","0","10","","PH","EH","","Block 6"
"129","2024","Chinook Salmon","fall",2024-04-18,"12:10",2024-04-18 12:10:00,"RT-10","Block 6 RT-10","TA, NS","0","0","10","","PH","EH","","Block 6"
"130","2024","Chinook Salmon","fall",2024-04-18,"15:17",2024-04-18 15:17:00,"RT-11","Block 6 RT-11","TA, NS","0","0","10","","PH","EH","","Block 6"
"131","2024","Chinook Salmon","fall",2024-04-18,"18:08",2024-04-18 18:08:00,"RT-12","Block 6 RT-12","TA, NS","0","0","10","","PH","EH","","Block 6"
"132","2024","Chinook Salmon","fall",2024-04-18,"21:16",2024-04-18 21:16:00,"RT-13","Block 6 RT-13","PH, JS, RM","0","0","10","","EH","PH","","Block 6"
"133","2024","Chinook Salmon","fall",2024-04-19,"0:08",2024-04-19 00:08:00,"RT-14","Block 6 RT-14","PH, JS, RM","0","0","10","","EH","PH","","Block 6"
"134","2024","Chinook Salmon","fall",2024-04-19,"3:16",2024-04-19 03:16:00,"RT-15","Block 6 RT-15","PH, JS, RM","0","0","10","","EH","PH","","Block 6"
"135","2024","Chinook Salmon","fall",2024-04-19,"6:15",2024-04-19 06:15:00,"RT-16","Block 6 RT-16","PH, JS, RM","0","0","10","","EH","PH","","Block 6"
"136","2024","Chinook Salmon","fall",2024-04-19,"9:20",2024-04-19 09:20:00,"RT-17","Block 6 RT-17","MD, TA","0","0","10","Turbid","EH","PH","","Block 6"
"137","2024","Chinook Salmon","fall",2024-04-19,"12:12",2024-04-19 12:12:00,"RT-18","Block 6 RT-18","MD, TA","0","0","10","Turbid","PH","EH","","Block 6"
"138","2024","Chinook Salmon","fall",2024-04-19,"15:06",2024-04-19 15:06:00,"RT-19","Block 6 RT-19","MD, TA","0","0","10","Turbid","PH","EH","","Block 6"
"139","2024","Chinook Salmon","fall",2024-04-19,"18:08",2024-04-19 18:08:00,"RT-20","Block 6 RT-20","MD, TA","0","0","10","Turbid","PH","EH","","Block 6"
"140","2024","Chinook Salmon","fall",2024-04-19,"21:12",2024-04-19 21:12:00,"RT-21","Block 6 RT-21","PC, PH, CA","0","0","10","Turbid","PH","EH","","Block 6"
"141","2024","Chinook Salmon","fall",2024-04-20,"0:19",2024-04-20 00:19:00,"RT-22","Block 6 RT-22","PC, PH, CA","0","0","10","Turbid, when pulling release can out of river, saw a salmon swimming near the surface ","PH","EH","","Block 6"
"142","2024","Chinook Salmon","fall",2024-04-20,"3:11",2024-04-20 03:11:00,"RT-23","Block 6 RT-23","PC, PH, CA","0","0","10","Turbid ","PH","EH","","Block 6"
"143","2024","Chinook Salmon","fall",2024-04-20,"6:14",2024-04-20 06:14:00,"RT-24","Block 6 RT-24","PC, PH, CA","0","0","10","Turbid","PH","EH","","Block 6"
"144","2024","Chinook Salmon","fall",2024-04-24,"9:20",2024-04-24 09:20:00,"RT-1","Block 7 RT-1","EH, NS","0","0","10","Very turbid","EH","PH","","Block 7"
"145","2024","Chinook Salmon","fall",2024-04-24,"12:15",2024-04-24 12:15:00,"RT-2","Block 7 RT-2","EH, NS","0","0","10","Very turbid","EH","PH","","Block 7"
"146","2024","Chinook Salmon","fall",2024-04-24,"15:12",2024-04-24 15:12:00,"RT-3","Block 7 RT-3","EH, NS","0","0","10","Very turbid","EH","PH","","Block 7"
"147","2024","Chinook Salmon","fall",2024-04-24,"18:07",2024-04-24 18:07:00,"RT-4","Block 7 RT-4","EH, NS","0","0","10","Very turbid","EH","PH","corrected release time from 18:08 to 18:07","Block 7"
"148","2024","Chinook Salmon","fall",2024-04-24,"21:11",2024-04-24 21:11:00,"RT-5","Block 7 RT-5","JH, MD","0","0","10","Very turbid","EH","PH","added comment from datasheet","Block 7"
"149","2024","Chinook Salmon","fall",2024-04-25,"0:10",2024-04-25 00:10:00,"RT-6","Block 7 RT-6","JH, MD","0","0","10","","EH","PH","","Block 7"
"150","2024","Chinook Salmon","fall",2024-04-25,"3:10",2024-04-25 03:10:00,"RT-7","Block 7 RT-7","JH, MD","0","0","10","","EH","PH","","Block 7"
"151","2024","Chinook Salmon","fall",2024-04-25,"6:10",2024-04-25 06:10:00,"RT-8","Block 7 RT-8","JH, MD","0","0","10","","EH","PH","","Block 7"
"152","2024","Chinook Salmon","fall",2024-04-25,"9:08",2024-04-25 09:08:00,"RT-9","Block 7 RT-9","EH, CR","0","0","10","","EH","PH","","Block 7"
"153","2024","Chinook Salmon","fall",2024-04-25,"12:08",2024-04-25 12:08:00,"RT-10","Block 7 RT-10","EH, CR","0","0","10","","EH","PH","","Block 7"
"154","2024","Chinook Salmon","fall",2024-04-25,"15:10",2024-04-25 15:10:00,"RT-11","Block 7 RT-11","EH, CR","0","0","10","","EH","PH","","Block 7"
"155","2024","Chinook Salmon","fall",2024-04-25,"18:02",2024-04-25 18:02:00,"RT-12","Block 7 RT-12","EH, CR","0","0","10","","EH","PH","","Block 7"
"156","2024","Chinook Salmon","fall",2024-04-25,"21:18",2024-04-25 21:18:00,"RT-13","Block 7 RT-13","PC, RM, MD","0","0","10","Very Turbid","EH","PH","","Block 7"
"157","2024","Chinook Salmon","fall",2024-04-26,"0:12",2024-04-26 00:12:00,"RT-14","Block 7 RT-14","PC, RM, MD","0","0","10","Very Turbid","EH","PH","","Block 7"
"158","2024","Chinook Salmon","fall",2024-04-26,"3:13",2024-04-26 03:13:00,"RT-15","Block 7 RT-15","PC, RM, MD","0","0","10","","EH","PH","","Block 7"
"159","2024","Chinook Salmon","fall",2024-04-26,"6:12",2024-04-26 06:12:00,"RT-16","Block 7 RT-16","PC, RM, MD","0","0","10","","EH","PH","","Block 7"
"160","2024","Chinook Salmon","fall",2024-04-26,"9:14",2024-04-26 09:14:00,"RT-17","Block 7 RT-17","JS, SB, AT","0","0","10","Very Turbid","EH","PH","","Block 7"
"161","2024","Chinook Salmon","fall",2024-04-26,"12:07",2024-04-26 12:07:00,"RT-18","Block 7 RT-18","JS, SB, AT","0","0","10","Very Turbid","EH","PH","","Block 7"
"162","2024","Chinook Salmon","fall",2024-04-26,"15:07",2024-04-26 15:07:00,"RT-19","Block 7 RT-19","JS, SB, AT","0","0","10","Very Turbid","EH","PH","","Block 7"
"163","2024","Chinook Salmon","fall",2024-04-26,"18:00",2024-04-26 18:00:00,"RT-20","Block 7 RT-20","JS, SB, AT","0","0","10","Very Turbid","EH","PH","","Block 7"
"164","2024","Chinook Salmon","fall",2024-04-26,"21:15",2024-04-26 21:15:00,"RT-21","Block 7 RT-21","AL, AC, NS","0","0","10","","EH","PH"," ","Block 7"
"165","2024","Chinook Salmon","fall",2024-04-27,"0:18",2024-04-27 00:18:00,"RT-22","Block 7 RT-22","AL, AC, NS","0","0","10","","EH","PH","","Block 7"
"166","2024","Chinook Salmon","fall",2024-04-27,"3:12",2024-04-27 03:12:00,"RT-23","Block 7 RT-23","AL, AC, NS","0","0","10","","EH","PH","","Block 7"
"167","2024","Chinook Salmon","fall",2024-04-27,"6:13",2024-04-27 06:13:00,"RT-24","Block 7 RT-24","AL, AC, NS","0","0","10","","EH","PH","","Block 7"
"168","2025","Chinook Salmon","late-fall",2024-12-04,"9:31",2024-12-04 09:31:00,"RT-1","Block 1 RT-1","EH, CC","0","0","10","","PH","SB","","Block 1"
"169","2025","Chinook Salmon","late-fall",2024-12-04,"12:11",2024-12-04 12:11:00,"RT-2","Block 1 RT-2","EH, CC","0","0","10","","PH","SB","","Block 1"
"170","2025","Chinook Salmon","late-fall",2024-12-04,"15:11",2024-12-04 15:11:00,"RT-3","Block 1 RT-3","PH, EH","0","0","10","Sea lion present near release","PH","SB","","Block 1"
"171","2025","Chinook Salmon","late-fall",2024-12-04,"18:16",2024-12-04 18:16:00,"RT-4","Block 1 RT-4","PH, EH","0","0","10","","PH","SB","","Block 1"
"172","2025","Chinook Salmon","late-fall",2024-12-04,"21:25",2024-12-04 21:25:00,"RT-5","Block 1 RT-5","RM, AL, BP","0","0","10","Sea lion in vicinity of release","PH","SB","","Block 1"
"173","2025","Chinook Salmon","late-fall",2024-12-05,"0:24",2024-12-05 00:24:00,"RT-6","Block 1 RT-6","RM, AL, BP","0","0","10","","PH","SB","","Block 1"
"174","2025","Chinook Salmon","late-fall",2024-12-05,"3:23",2024-12-05 03:23:00,"RT-7","Block 1 RT-7","RM, AL, BP","0","0","10","","PH","SB","","Block 1"
"175","2025","Chinook Salmon","late-fall",2024-12-05,"6:18",2024-12-05 06:18:00,"RT-8","Block 1 RT-8","RM, AL, BP","0","0","10","","PH","SB","","Block 1"
"176","2025","Chinook Salmon","late-fall",2024-12-05,"9:23",2024-12-05 09:23:00,"RT-9","Block 1 RT-9","PH, MU","0","0","10","","PH","SB","","Block 1"
"177","2025","Chinook Salmon","late-fall",2024-12-05,"12:14",2024-12-05 12:14:00,"RT-10","Block 1 RT-10","PH, MMD","0","0","10","","PH","SB","","Block 1"
"178","2025","Chinook Salmon","late-fall",2024-12-05,"15:14",2024-12-05 15:14:00,"RT-11","Block 1 RT-11","PH, MU","0","0","10","","PH","SB","","Block 1"
"179","2025","Chinook Salmon","late-fall",2024-12-05,"18:08",2024-12-05 18:08:00,"RT-12","Block 1 RT-12","PH, MU","0","0","10","","PH","SB","","Block 1"
"180","2025","Chinook Salmon","late-fall",2024-12-05,"21:17",2024-12-05 21:17:00,"RT-13","Block 1 RT-13","AL, NL, RM","0","0","10","","NL","SB","","Block 1"
"181","2025","Chinook Salmon","late-fall",2024-12-06,"0:20",2024-12-06 00:20:00,"RT-14","Block 1 RT-14","AL, NL, RM","0","0","10","","NL","SB","","Block 1"
"182","2025","Chinook Salmon","late-fall",2024-12-06,"3:19",2024-12-06 03:19:00,"RT-15","Block 1 RT-15","AL, NL, RM","0","0","10","","NL","SB","","Block 1"
"183","2025","Chinook Salmon","late-fall",2024-12-06,"6:27",2024-12-06 06:27:00,"RT-16","Block 1 RT-16","AL, NL, RM","0","0","10","","AL","SB","","Block 1"
"184","2025","Chinook Salmon","late-fall",2024-12-06,"9:13",2024-12-06 09:13:00,"RT-17","Block 1 RT-17","PH, AT","0","0","10","","PH","SB","","Block 1"
"185","2025","Chinook Salmon","late-fall",2024-12-06,"12:09",2024-12-06 12:09:00,"RT-18","Block 1 RT-18","PH, AT, RM","0","0","10","","SB","EH","","Block 1"
"186","2025","Chinook Salmon","late-fall",2024-12-06,"15:04",2024-12-06 15:04:00,"RT-19","Block 1 RT-19","PH, MU","0","0","10","","SB","EH","","Block 1"
"187","2025","Chinook Salmon","late-fall",2024-12-06,"18:06",2024-12-06 18:06:00,"RT-20","Block 1 RT-20","PH, MU","0","0","10","","SB","EH","","Block 1"
"188","2025","Chinook Salmon","late-fall",2024-12-06,"21:18",2024-12-06 21:18:00,"RT-21","Block 1 RT-21","NS, BS, RM","0","0","10","","SB","EH","","Block 1"
"189","2025","Chinook Salmon","late-fall",2024-12-07,"0:13",2024-12-07 00:13:00,"RT-22","Block 1 RT-22","NS, BS, RM","0","0","9","Only 9 fish tagged due to a dead tag","SB","EH","00:13 should be the next day. Corrected to 12/7/2024 from 12/6/2024.","Block 1"
"190","2025","Chinook Salmon","late-fall",2024-12-07,"3:13",2024-12-07 03:13:00,"RT-23","Block 1 RT-23","NS, BS, RM","0","0","10","","SB","EH","","Block 1"
"191","2025","Chinook Salmon","late-fall",2024-12-07,"6:12",2024-12-07 06:12:00,"RT-24","Block 1 RT-24","NS, BS, RM","0","0","10","","SB","EH","","Block 1"
"192","2025","Chinook Salmon","late-fall",2024-12-11,"9:05",2024-12-11 09:05:00,"RT-1","Block 2 RT-1","CJ, EH","0","0","10","","PH","SB","","Block 2"
"193","2025","Chinook Salmon","late-fall",2024-12-11,"11:58",2024-12-11 11:58:00,"RT-2","Block 2 RT-2","CJ, EH","0","0","10","","PH","SB","","Block 2"
"194","2025","Chinook Salmon","late-fall",2024-12-11,"14:58",2024-12-11 14:58:00,"RT-3","Block 2 RT-3","CJ, EH","0","0","10","","PH","SB","","Block 2"
"195","2025","Chinook Salmon","late-fall",2024-12-11,"17:59",2024-12-11 17:59:00,"RT-4","Block 2 RT-4","CJ, EH","0","0","10","","PH","SB","","Block 2"
"196","2025","Chinook Salmon","late-fall",2024-12-11,"21:06",2024-12-11 21:06:00,"RT-5","Block 2 RT-5","AL, BS","0","0","10","","PH","SB","","Block 2"
"197","2025","Chinook Salmon","late-fall",2024-12-12,"0:03",2024-12-12 00:03:00,"RT-6","Block 2 RT-6","AL, RM","0","0","10","","PH","SB","","Block 2"
"198","2025","Chinook Salmon","late-fall",2024-12-12,"3:01",2024-12-12 03:01:00,"RT-7","Block 2 RT-7","AL, BS","0","0","10","","PH","SB","","Block 2"
"199","2025","Chinook Salmon","late-fall",2024-12-12,"6:06",2024-12-12 06:06:00,"RT-8","Block 2 RT-8","AL, RM","0","0","10","","PH","SB","","Block 2"
"200","2025","Chinook Salmon","late-fall",2024-12-12,"8:59",2024-12-12 08:59:00,"RT-9","Block 2 RT-9","BP, CC","0","0","10","Sea lion in area ","PH","SB","","Block 2"
"201","2025","Chinook Salmon","late-fall",2024-12-12,"12:00",2024-12-12 12:00:00,"RT-10","Block 2 RT-10","BP, CC","0","0","10","","PH","SB","","Block 2"
"202","2025","Chinook Salmon","late-fall",2024-12-12,"14:59",2024-12-12 14:59:00,"RT-11","Block 2 RT-11","BP, CC","0","0","10","","PH","SB","","Block 2"
"203","2025","Chinook Salmon","late-fall",2024-12-12,"18:58",2024-12-12 18:58:00,"RT-12","Block 2 RT-12","BP, CC","0","0","10","","PH","SB","","Block 2"
"204","2025","Chinook Salmon","late-fall",2024-12-12,"21:05",2024-12-12 21:05:00,"RT-13","Block 2 RT-13","AL, NS, RM","0","0","10","","PH","SB","","Block 2"
"205","2025","Chinook Salmon","late-fall",2024-12-13,"0:05",2024-12-13 00:05:00,"RT-14","Block 2 RT-14","AL, NS, RM","0","0","10","","PH","SB","","Block 2"
"206","2025","Chinook Salmon","late-fall",2024-12-13,"3:01",2024-12-13 03:01:00,"RT-15","Block 2 RT-15","AL, NS, RM","0","0","10","","PH","SB","","Block 2"
"207","2025","Chinook Salmon","late-fall",2024-12-13,"6:00",2024-12-13 06:00:00,"RT-16","Block 2 RT-16","AL, NS, RM","0","0","10"," ","PH","SB","","Block 2"
"208","2025","Chinook Salmon","late-fall",2024-12-13,"9:08",2024-12-13 09:08:00,"RT-17","Block 2 RT-17","PH, RW","0","0","10","","PH","SB","","Block 2"
"209","2025","Chinook Salmon","late-fall",2024-12-13,"11:57",2024-12-13 11:57:00,"RT-18","Block 2 RT-18","AT, RW","0","0","10","","PH","SB","","Block 2"
"210","2025","Chinook Salmon","late-fall",2024-12-13,"15:04",2024-12-13 15:04:00,"RT-19","Block 2 RT-19","AT, RW","0","0","10","","PH","SB","","Block 2"
"211","2025","Chinook Salmon","late-fall",2024-12-13,"17:54",2024-12-13 17:54:00,"RT-20","Block 2 RT-20","PH, RW","0","0","10","","PH","SB","","Block 2"
"212","2025","Chinook Salmon","late-fall",2024-12-13,"22:59",2024-12-13 22:59:00,"RT-21","Block 2 RT-21","MU, NS","0","0","10","Released from dock due to wind conditions","SB","EH","","Block 2"
"213","2025","Chinook Salmon","late-fall",2024-12-14,"0:01",2024-12-14 00:01:00,"RT-22","Block 2 RT-22","BS, NS","0","0","10","Released from dock due to wind conditions","SB","EH","","Block 2"
"214","2025","Chinook Salmon","late-fall",2024-12-14,"2:58",2024-12-14 02:58:00,"RT-23","Block 2 RT-23","NS, BS","0","0","10","Able to release from boat","SB","EH","","Block 2"
"215","2025","Chinook Salmon","late-fall",2024-12-14,"5:59",2024-12-14 05:59:00,"RT-24","Block 2 RT-24","NS, MU","0","0","9","","SB","EH","","Block 2"
"216","2025","Chinook Salmon","late-fall",2025-01-08,"9:04",2025-01-08 09:04:00,"RT-1","Block 3 RT-1","EH, NS","0","0","10","Too muddy to see fish ","PH","SB","","Block 3"
"217","2025","Chinook Salmon","late-fall",2025-01-08,"11:56",2025-01-08 11:56:00,"RT-2","Block 3 RT-2","EH, NS","0","0","10","very muddy, sea lion followed us out to release ","PH","SB","","Block 3"
"218","2025","Chinook Salmon","late-fall",2025-01-08,"15:01",2025-01-08 15:01:00,"RT-3","Block 3 RT-3","BP, NS","0","0","10","","PH","SB","","Block 3"
"219","2025","Chinook Salmon","late-fall",2025-01-08,"17:57",2025-01-08 17:57:00,"RT-4","Block 3 RT-4","BP, NS","0","0","10","","PH","SB","","Block 3"
"220","2025","Chinook Salmon","late-fall",2025-01-08,"20:59",2025-01-08 20:59:00,"RT-5","Block 3 RT-5","RM, CC","0","0","10","Radio issues","PH","SB","","Block 3"
"221","2025","Chinook Salmon","late-fall",2025-01-08,"23:58",2025-01-08 23:58:00,"RT-6","Block 3 RT-6","RM, BS","0","0","10","Radio issues","PH","SB","","Block 3"
"222","2025","Chinook Salmon","late-fall",2025-01-09,"3:04",2025-01-09 03:04:00,"RT-7","Block 3 RT-7","RM, CC","0","0","10","Radio issues resolved ","PH","SB","","Block 3"
"223","2025","Chinook Salmon","late-fall",2025-01-09,"5:59",2025-01-09 05:59:00,"RT-8","Block 3 RT-8","RM, BS","0","0","10","","PH","SB","","Block 3"
"224","2025","Chinook Salmon","late-fall",2025-01-09,"9:12",2025-01-09 09:12:00,"RT-9","Block 3 RT-9","CY, MD","0","0","10","","PH","SB","","Block 3"
"225","2025","Chinook Salmon","late-fall",2025-01-09,"11:56",2025-01-09 11:56:00,"RT-10","Block 3 RT-10","BP, CY","0","0","10","","CY","SB","","Block 3"
"226","2025","Chinook Salmon","late-fall",2025-01-09,"14:57",2025-01-09 14:57:00,"RT-11","Block 3 RT-11","EH, CY","0","0","10","","CY","SB","","Block 3"
"227","2025","Chinook Salmon","late-fall",2025-01-09,"17:53",2025-01-09 17:53:00,"RT-12","Block 3 RT-12","EH, CY","0","0","10","","CY","SB","","Block 3"
"228","2025","Chinook Salmon","late-fall",2025-01-09,"21:01",2025-01-09 21:01:00,"RT-13","Block 3 RT-13","RM, AL","0","0","10","","CY","SB","","Block 3"
"229","2025","Chinook Salmon","late-fall",2025-01-10,"0:04",2025-01-10 00:04:00,"RT-14","Block 3 RT-14","RM, MU","0","0","10","","CY","SB","","Block 3"
"230","2025","Chinook Salmon","late-fall",2025-01-10,"3:05",2025-01-10 03:05:00,"RT-15","Block 3 RT-15","RM, AL","0","0","10","","CY","SB","","Block 3"
"231","2025","Chinook Salmon","late-fall",2025-01-10,"6:01",2025-01-10 06:01:00,"RT-16","Block 3 RT-16","RM, MU","0","0","10","","CY","SB","","Block 3"
"232","2025","Chinook Salmon","late-fall",2025-01-10,"8:59",2025-01-10 08:59:00,"RT-17","Block 3 RT-17","EH, RW","0","0","10","","CY","SB","","Block 3"
"233","2025","Chinook Salmon","late-fall",2025-01-10,"11:57",2025-01-10 11:57:00,"RT-18","Block 3 RT-18","PH, EH","0","0","10","Water too murky to see shed tags","CY","SB","","Block 3"
"234","2025","Chinook Salmon","late-fall",2025-01-10,"14:55",2025-01-10 14:55:00,"RT-19","Block 3 RT-19","PH, EH","0","0","10","Water too murky to see shed tags","CY","SB","","Block 3"
"235","2025","Chinook Salmon","late-fall",2025-01-10,"17:59",2025-01-10 17:59:00,"RT-20","Block 3 RT-20","EH, RW","0","0","10","Very muddy","CY","SB","","Block 3"
"236","2025","Chinook Salmon","late-fall",2025-01-10,"20:59",2025-01-10 20:59:00,"RT-21","Block 3 RT-21","RM, AL","0","0","10","","CY","SB","","Block 3"
"237","2025","Chinook Salmon","late-fall",2025-01-10,"23:58",2025-01-10 23:58:00,"RT-22","Block 3 RT-22","RM, MU","0","0","10","","CY","SB","","Block 3"
"238","2025","Chinook Salmon","late-fall",2025-01-11,"3:00",2025-01-11 03:00:00,"RT-23","Block 3 RT-23","RM, AL","0","0","10","","CY","SB","","Block 3"
"239","2025","Chinook Salmon","late-fall",2025-01-11,"6:00",2025-01-11 06:00:00,"RT-24","Block 3 RT-24","RM, AL","0","0","10","","CY","SB","","Block 3"
"240","2025","Chinook Salmon","late-fall",2025-01-15,"8:57",2025-01-15 08:57:00,"RT-1","Block 4 RT-1","PH, CC","0","0","10","Too turbid to see tags","CY","BP","","Block 4"
"241","2025","Chinook Salmon","late-fall",2025-01-15,"12:04",2025-01-15 12:04:00,"RT-2","Block 4 RT-2","PH, CC","0","0","10","Too turbid to see tags","CY","BP","","Block 4"
"242","2025","Chinook Salmon","late-fall",2025-01-15,"15:01",2025-01-15 15:01:00,"RT-3","Block 4 RT-3","EH, CC","0","0","10","Too turbid to see tags","CY","BP","","Block 4"
"243","2025","Chinook Salmon","late-fall",2025-01-15,"17:58",2025-01-15 17:58:00,"RT-4","Block 4 RT-4","EH, CC","0","0","10","Too turbid to see tags","CY","BP","","Block 4"
"244","2025","Chinook Salmon","late-fall",2025-01-15,"21:00",2025-01-15 21:00:00,"RT-5","Block 4 RT-5","NS, AL, BS","0","0","10","Changed to 21:00 after confirming with release crew","CY","BP","","Block 4"
"245","2025","Chinook Salmon","late-fall",2025-01-15,"23:59",2025-01-15 23:59:00,"RT-6","Block 4 RT-6","NS, AL, BS","0","0","10","","CY","BP","","Block 4"
"246","2025","Chinook Salmon","late-fall",2025-01-16,"3:02",2025-01-16 03:02:00,"RT-7","Block 4 RT-7","NS, AL, BS","0","0","10","Released from dock due to boat issues","CY","BP","","Block 4"
"247","2025","Chinook Salmon","late-fall",2025-01-16,"6:00",2025-01-16 06:00:00,"RT-8","Block 4 RT-8","NS, AL, BS","0","0","10","Released from dock due to boat issues","CY","BP","","Block 4"
"248","2025","Chinook Salmon","late-fall",2025-01-16,"9:00",2025-01-16 09:00:00,"RT-9","Block 4 RT-9","AT, CJ","0","0","10","","CY","BP","","Block 4"
"249","2025","Chinook Salmon","late-fall",2025-01-16,"11:50",2025-01-16 11:50:00,"RT-10","Block 4 RT-10","AT, CJ","0","0","9","Only counted 9 coming out","CY","BP","","Block 4"
"250","2025","Chinook Salmon","late-fall",2025-01-16,"14:58",2025-01-16 14:58:00,"RT-11","Block 4 RT-11","PH, CJ","0","0","10","","CY","BP","","Block 4"
"251","2025","Chinook Salmon","late-fall",2025-01-16,"17:57",2025-01-16 17:57:00,"RT-12","Block 4 RT-12","AT, PH","0","0","10","","CY","BP","","Block 4"
"252","2025","Chinook Salmon","late-fall",2025-01-16,"21:04",2025-01-16 21:04:00,"RT-13","Block 4 RT-13","AL, RM","0","0","10","","CY","BP","","Block 4"
"253","2025","Chinook Salmon","late-fall",2025-01-17,"0:03",2025-01-17 00:03:00,"RT-14","Block 4 RT-14","AL, BS","0","0","10","","CY","BP","","Block 4"
"254","2025","Chinook Salmon","late-fall",2025-01-17,"3:01",2025-01-17 03:01:00,"RT-15","Block 4 RT-15","AL, RM","0","0","10","","CY","BP","","Block 4"
"255","2025","Chinook Salmon","late-fall",2025-01-17,"5:59",2025-01-17 05:59:00,"RT-16","Block 4 RT-16","AL, BS","0","0","10","","CY","BP","","Block 4"
"256","2025","Chinook Salmon","late-fall",2025-01-17,"9:00",2025-01-17 09:00:00,"RT-17","Block 4 RT-17","BP, KB","0","0","10","","CY","BP","","Block 4"
"257","2025","Chinook Salmon","late-fall",2025-01-17,"11:58",2025-01-17 11:58:00,"RT-18","Block 4 RT-18","CY, BP","0","0","10","","CY","BP","","Block 4"
"258","2025","Chinook Salmon","late-fall",2025-01-17,"14:57",2025-01-17 14:57:00,"RT-19","Block 4 RT-19","BP, KB","0","0","10","","CY","BP","","Block 4"
"259","2025","Chinook Salmon","late-fall",2025-01-17,"17:56",2025-01-17 17:56:00,"RT-20","Block 4 RT-20","CY, KB","0","0","10","","CY","BP","","Block 4"
"260","2025","Chinook Salmon","late-fall",2025-01-17,"21:01",2025-01-17 21:01:00,"RT-21","Block 4 RT-21","NS, CJ","0","0","10","","CY","BP","","Block 4"
"261","2025","Chinook Salmon","late-fall",2025-01-17,"23:59",2025-01-17 23:59:00,"RT-22","Block 4 RT-22","NS, RM","0","0","10","","CY","BP","","Block 4"
"262","2025","Chinook Salmon","late-fall",2025-01-18,"2:59",2025-01-18 02:59:00,"RT-23","Block 4 RT-23","NS, CJ","0","0","10","","CY","BP","","Block 4"
"263","2025","Chinook Salmon","late-fall",2025-01-18,"5:58",2025-01-18 05:58:00,"RT-24","Block 4 RT-24","NS, RM","0","0","10","","CY","BP","","Block 4"
"264","2025","Chinook Salmon","late-fall",2025-02-12,"17:04",2025-02-12 17:04:00,"point_rel","Block 5 point_rel","PH, AT, JM","0","0","80","Point release at Miller Park Boat Ramp due to river flows ","PH","BP","","Block 5"
"265","2025","Chinook Salmon","late-fall",2025-02-13,"16:04",2025-02-13 16:04:00,"point_rel","Block 5 point_rel","PH, EH","0","0","80","Point release at Miller Park Boat Ramp due to river flows ","BP","CY","","Block 5"
"266","2025","Chinook Salmon","late-fall",2025-02-14,"15:40",2025-02-14 15:40:00,"point_rel","Block 5 point_rel","EH, BP","0","0","80","Point release at Miller Park Boat Ramp due to river flows ","BP","CY","","Block 5"
"267","2025","Chinook Salmon","fall",2025-04-09,"9:01",2025-04-09 09:01:00,"RT-1","Block 6 RT-1","CC, BP","0","0","10","","SB","CY","","Block 6"
"268","2025","Chinook Salmon","fall",2025-04-09,"11:45",2025-04-09 11:45:00,"RT-2","Block 6 RT-2","CC, BP","0","0","10","DFW joined release","SB","CY","","Block 6"
"269","2025","Chinook Salmon","fall",2025-04-09,"14:59",2025-04-09 14:59:00,"RT-3","Block 6 RT-3","CC, BP","0","0","10","high boat traffic","SB","CY","","Block 6"
"270","2025","Chinook Salmon","fall",2025-04-09,"17:59",2025-04-09 17:59:00,"RT-4","Block 6 RT-4","CC, BP","0","0","10","","SB","CY","","Block 6"
"271","2025","Chinook Salmon","fall",2025-04-09,"21:03",2025-04-09 21:03:00,"RT-5","Block 6 RT-5","AL, RM, MC","0","0","10","","SB","CY","","Block 6"
"272","2025","Chinook Salmon","fall",2025-04-10,"0:01",2025-04-10 00:01:00,"RT-6","Block 6 RT-6","AL, RM, MC","0","0","10","Sea lion nearby release, waited for it to move","SB","CY","","Block 6"
"273","2025","Chinook Salmon","fall",2025-04-10,"3:00",2025-04-10 03:00:00,"RT-7","Block 6 RT-7","AL, RM, MC","0","0","10","","SB","CY","","Block 6"
"274","2025","Chinook Salmon","fall",2025-04-10,"9:00",2025-04-10 09:00:00,"RT-9","Block 6 RT-9","KB, AC","0","0","10","","SB","CY","","Block 6"
"275","2025","Chinook Salmon","fall",2025-04-10,"12:02",2025-04-10 12:02:00,"RT-10","Block 6 RT-10","KB, AC, CW","0","0","10","","SB","CY","","Block 6"
"276","2025","Chinook Salmon","fall",2025-04-10,"15:00",2025-04-10 15:00:00,"RT-11","Block 6 RT-11","KB, EH","0","0","10","","SB","CY","","Block 6"
"277","2025","Chinook Salmon","fall",2025-04-10,"17:58",2025-04-10 17:58:00,"RT-12","Block 6 RT-12","KB, EH, CW","0","0","10","","SB","CY","","Block 6"
"278","2025","Chinook Salmon","fall",2025-04-10,"21:02",2025-04-10 21:02:00,"RT-13","Block 6 RT-13","NS, AL, EC","0","0","10","","SB","CY","","Block 6"
"279","2025","Chinook Salmon","fall",2025-04-11,"0:00",2025-04-11,"RT-14","Block 6 RT-14","NS, AL, EC","0","0","10","","SB","CY","","Block 6"
"280","2025","Chinook Salmon","fall",2025-04-11,"3:00",2025-04-11 03:00:00,"RT-15","Block 6 RT-15","NS, AL, EC","0","0","10","","SB","CY","","Block 6"
"281","2025","Chinook Salmon","fall",2025-04-11,"6:00",2025-04-11 06:00:00,"RT-16","Block 6 RT-16","NS, AL, EC","0","0","10","","SB","CY","","Block 6"
"282","2025","Chinook Salmon","fall",2025-04-11,"8:56",2025-04-11 08:56:00,"RT-17","Block 6 RT-17","PH, TC","0","0","10","","SB","CY","","Block 6"
"283","2025","Chinook Salmon","fall",2025-04-11,"12:00",2025-04-11 12:00:00,"RT-18","Block 6 RT-18","PH, KB","0","0","10","","SB","CY","","Block 6"
"284","2025","Chinook Salmon","fall",2025-04-11,"14:58",2025-04-11 14:58:00,"RT-19","Block 6 RT-19","PH, TC","0","0","10","","SB","CY","","Block 6"
"285","2025","Chinook Salmon","fall",2025-04-11,"17:54",2025-04-11 17:54:00,"RT-20","Block 6 RT-20","PH, KB","0","0","10","","SB","CY","","Block 6"
"286","2025","Chinook Salmon","fall",2025-04-11,"21:01",2025-04-11 21:01:00,"RT-21","Block 6 RT-21","RM, NS, JS","0","0","10","","SB","CY","","Block 6"
"287","2025","Chinook Salmon","fall",2025-04-12,"0:00",2025-04-12,"RT-22","Block 6 RT-22","RM, NS, JS","0","0","10","","SB","CY","","Block 6"
"288","2025","Chinook Salmon","fall",2025-04-12,"3:01",2025-04-12 03:01:00,"RT-23","Block 6 RT-23","RM, NS, JS","0","0","8","Only 8 fish tagged","SB","CY","","Block 6"
"289","2025","Chinook Salmon","fall",2025-04-16,"8:59",2025-04-16 08:59:00,"RT-1","Block 7 RT-1","CC, KB","0","0","10","ICF tracking fish via boat","BP","SB","Changed to 10. The two ICF tags will be accounted for separately.","Block 7"
"290","2025","Chinook Salmon","fall",2025-04-16,"11:57",2025-04-16 11:57:00,"RT-2","Block 7 RT-2","CC, KB","0","0","10","","BP","SB","","Block 7"
"291","2025","Chinook Salmon","fall",2025-04-16,"14:55",2025-04-16 14:55:00,"RT-3","Block 7 RT-3","CW, KB","0","0","10","","BP","SB","","Block 7"
"292","2025","Chinook Salmon","fall",2025-04-16,"18:00",2025-04-16 18:00:00,"RT-4","Block 7 RT-4","CW, KB","0","0","10","","BP","SB","","Block 7"
"293","2025","Chinook Salmon","fall",2025-04-16,"20:59",2025-04-16 20:59:00,"RT-5","Block 7 RT-5","NS, JH","0","0","10","","BP","SB","","Block 7"
"294","2025","Chinook Salmon","fall",2025-04-17,"0:00",2025-04-17,"RT-6","Block 7 RT-6","RM, NS","0","0","10","","BP","SB","","Block 7"
"295","2025","Chinook Salmon","fall",2025-04-17,"3:00",2025-04-17 03:00:00,"RT-7","Block 7 RT-7","NS, JH","0","0","10","","BP","SB","","Block 7"
"296","2025","Chinook Salmon","fall",2025-04-17,"6:00",2025-04-17 06:00:00,"RT-8","Block 7 RT-8","RM, JH","0","0","10","","BP","SB","","Block 7"
"297","2025","Chinook Salmon","fall",2025-04-17,"8:59",2025-04-17 08:59:00,"RT-9","Block 7 RT-9","CC, BP","0","0","10","","BP","SB","","Block 7"
"298","2025","Chinook Salmon","fall",2025-04-17,"12:02",2025-04-17 12:02:00,"RT-10","Block 7 RT-10","CC, BP","0","0","10","","BP","SB","","Block 7"
"299","2025","Chinook Salmon","fall",2025-04-17,"14:59",2025-04-17 14:59:00,"RT-11","Block 7 RT-11","BP, AT","0","0","10","","BP","SB","","Block 7"
"300","2025","Chinook Salmon","fall",2025-04-17,"17:58",2025-04-17 17:58:00,"RT-12","Block 7 RT-12","BP, AT","0","0","10","","BP","SB","","Block 7"
"301","2025","Chinook Salmon","fall",2025-04-17,"21:00",2025-04-17 21:00:00,"RT-13","Block 7 RT-13","JH, RM","0","0","10","","BP","SB","","Block 7"
"302","2025","Chinook Salmon","fall",2025-04-18,"12:00",2025-04-18 12:00:00,"RT-14","Block 7 RT-14","JH, BS","0","0","10","","BP","SB","","Block 7"
"303","2025","Chinook Salmon","fall",2025-04-18,"3:00",2025-04-18 03:00:00,"RT-15","Block 7 RT-15","JH,RM","0","0","10","","BP","SB","","Block 7"
"304","2025","Chinook Salmon","fall",2025-04-18,"6:00",2025-04-18 06:00:00,"RT-16","Block 7 RT-16","JH, BS","0","0","10","","BP","SB","","Block 7"
"305","2025","Chinook Salmon","fall",2025-04-18,"8:58",2025-04-18 08:58:00,"RT-17","Block 7 RT-17","KB, NS","0","0","10","","BP","SB","","Block 7"
"306","2025","Chinook Salmon","fall",2025-04-18,"11:56",2025-04-18 11:56:00,"RT-18","Block 7 RT-18","RW, NS","0","0","10","","BP","SB","","Block 7"
"307","2025","Chinook Salmon","fall",2025-04-18,"14:57",2025-04-18 14:57:00,"RT-19","Block 7 RT-19","NS, KB","0","0","10","","BP","SB","","Block 7"
"308","2025","Chinook Salmon","fall",2025-04-18,"17:55",2025-04-18 17:55:00,"RT-20","Block 7 RT-20","RW, NS","0","0","10","","BP","SB","","Block 7"
"309","2025","Chinook Salmon","fall",2025-04-18,"21:00",2025-04-18 21:00:00,"RT-21","Block 7 RT-21","CJ, AL","0","0","10","","BP","SB","","Block 7"
"310","2025","Chinook Salmon","fall",2025-04-19,"0:00",2025-04-19,"RT-22","Block 7 RT-22","AL, RM","0","0","10","ICF tracking fish via boat","BP","SB","Changed to 10. The two ICF tags will be accounted for separately.","Block 7"
"311","2025","Chinook Salmon","fall",2025-04-19,"3:00",2025-04-19 03:00:00,"RT-23","Block 7 RT-23","AL, CJ","0","0","10","","BP","SB","","Block 7"
"312","2025","Chinook Salmon","fall",2025-04-19,"6:02",2025-04-19 06:02:00,"RT-24","Block 7 RT-24","AL, RM","0","0","10","","BP","SB","","Block 7"
"313","2025","Chinook Salmon","fall",2025-04-30,"8:58",2025-04-30 08:58:00,"RT-1","Block 8 RT-1","KB, MB","0","0","10","","PH","SB","","Block 8"
"314","2025","Chinook Salmon","fall",2025-04-30,"11:58",2025-04-30 11:58:00,"RT-2","Block 8 RT-2","KB, MB","0","0","10","","PH","SB","","Block 8"
"315","2025","Chinook Salmon","fall",2025-04-30,"14:57",2025-04-30 14:57:00,"RT-3","Block 8 RT-3","KB, MB","0","0","10","","PH","SB","","Block 8"
"316","2025","Chinook Salmon","fall",2025-04-30,"17:57",2025-04-30 17:57:00,"RT-4","Block 8 RT-4","KB, MB","0","0","10","","PH","SB","","Block 8"
"317","2025","Chinook Salmon","fall",2025-04-30,"21:00",2025-04-30 21:00:00,"RT-5","Block 8 RT-5","AL, NS","0","0","10","","PH","SB","","Block 8"
"318","2025","Chinook Salmon","fall",2025-05-01,"0:00",2025-05-01,"RT-6","Block 8 RT-6","AL, RM","0","0","10","","PH","SB","","Block 8"
"319","2025","Chinook Salmon","fall",2025-05-01,"3:00",2025-05-01 03:00:00,"RT-7","Block 8 RT-7","AL, NS","0","0","10","","PH","SB","","Block 8"
"320","2025","Chinook Salmon","fall",2025-05-01,"6:00",2025-05-01 06:00:00,"RT-8","Block 8 RT-8","AL, RM","0","0","10","","PH","SB","","Block 8"
"321","2025","Chinook Salmon","fall",2025-05-01,"8:59",2025-05-01 08:59:00,"RT-9","Block 8 RT-9","CC, BP","0","0","10","","PH","SB","","Block 8"
"322","2025","Chinook Salmon","fall",2025-05-01,"11:58",2025-05-01 11:58:00,"RT-10","Block 8 RT-10","CC, BP","0","0","10","","PH","SB","","Block 8"
"323","2025","Chinook Salmon","fall",2025-05-01,"14:59",2025-05-01 14:59:00,"RT-11","Block 8 RT-11","BP, AT","0","0","10","","PH","SB","","Block 8"
"324","2025","Chinook Salmon","fall",2025-05-01,"18:00",2025-05-01 18:00:00,"RT-12","Block 8 RT-12","BP, AT","0","0","10","","PH","SB","","Block 8"
"325","2025","Chinook Salmon","fall",2025-05-01,"21:00",2025-05-01 21:00:00,"RT-13","Block 8 RT-13","RM, NS","0","0","10","","PH","SB","","Block 8"
"326","2025","Chinook Salmon","fall",2025-05-01,"23:56",2025-05-01 23:56:00,"RT-14","Block 8 RT-14","TM, NS","0","0","10","","PH","SB","","Block 8"
"327","2025","Chinook Salmon","fall",2025-05-02,"2:56",2025-05-02 02:56:00,"RT-15","Block 8 RT-15","RM, NS","0","0","10","","PH","SB","","Block 8"
"328","2025","Chinook Salmon","fall",2025-05-02,"5:56",2025-05-02 05:56:00,"RT-16","Block 8 RT-16","NS, TM","0","0","10","","PH","SB","","Block 8"
"329","2025","Chinook Salmon","fall",2025-05-02,"9:00",2025-05-02 09:00:00,"RT-17","Block 8 RT-17","BP, RW","0","0","10","","PH","SB","","Block 8"
"330","2025","Chinook Salmon","fall",2025-05-02,"12:00",2025-05-02 12:00:00,"RT-18","Block 8 RT-18","BP, CW","0","0","10","","SB","BP","","Block 8"
"331","2025","Chinook Salmon","fall",2025-05-02,"14:58",2025-05-02 14:58:00,"RT-19","Block 8 RT-19","BP, RW","0","0","10","","SB","BP","","Block 8"
"332","2025","Chinook Salmon","fall",2025-05-02,"18:00",2025-05-02 18:00:00,"RT-20","Block 8 RT-20","BP,CW","0","0","10","","SB","BP","","Block 8"
"333","2025","Chinook Salmon","fall",2025-05-02,"21:00",2025-05-02 21:00:00,"RT-21","Block 8 RT-21","AL, CJ","0","0","10","","SB","BP","","Block 8"
"334","2025","Chinook Salmon","fall",2025-05-03,"0:00",2025-05-03,"RT-22","Block 8 RT-22","AL, BS","0","0","10","","SB","BP","","Block 8"
"335","2025","Chinook Salmon","fall",2025-05-03,"3:00",2025-05-03 03:00:00,"RT-23","Block 8 RT-23","AL, CJ","0","0","10","","SB","BP","","Block 8"
"336","2025","Chinook Salmon","fall",2025-05-03,"6:00",2025-05-03 06:00:00,"RT-24","Block 8 RT-24","AL, BS","0","0","10","","SB","BP","","Block 8"
"337","2026","Chinook Salmon","late-fall",2025-12-02,"21:00",2025-12-02 21:00:00,"RT-1","Block 1 RT-1","AL, CC","0","0","10","","SB","BP","","Block 1"
"338","2026","Chinook Salmon","late-fall",2025-12-03,"0:00",2025-12-03,"RT-2","Block 1 RT-2","AL, TEC","0","0","10","","SB","BP","","Block 1"
"339","2026","Chinook Salmon","late-fall",2025-12-03,"3:00",2025-12-03 03:00:00,"RT-3","Block 1 RT-3","AL, CC","0","0","10","","SB","BP","","Block 1"
"340","2026","Chinook Salmon","late-fall",2025-12-03,"6:00",2025-12-03 06:00:00,"RT-4","Block 1 RT-4","AL, TEC","0","0","10","","SB","BP","","Block 1"
"341","2026","Chinook Salmon","late-fall",2025-12-03,"9:07",2025-12-03 09:07:00,"RT-5","Block 1 RT-5","BP, KB","0","0","10","","SB","BP","","Block 1"
"342","2026","Chinook Salmon","late-fall",2025-12-03,"12:00",2025-12-03 12:00:00,"RT-6","Block 1 RT-6","BP, KB","0","0","10","","SB","BP","","Block 1"
"343","2026","Chinook Salmon","late-fall",2025-12-03,"14:58",2025-12-03 14:58:00,"RT-7","Block 1 RT-7","BP, KB","0","0","10","","SB","BP","","Block 1"
"344","2026","Chinook Salmon","late-fall",2025-12-03,"17:58",2025-12-03 17:58:00,"RT-8","Block 1 RT-8","BP, KB","0","0","10","","SB","BP","","Block 1"
"345","2026","Chinook Salmon","late-fall",2025-12-03,"21:00",2025-12-03 21:00:00,"RT-9","Block 1 RT-9","AL, BS, LS","0","0","10","","SB","BP","","Block 1"
"346","2026","Chinook Salmon","late-fall",2025-12-04,"0:00",2025-12-04,"RT-10","Block 1 RT-10","AL, BS, LS","0","0","9","1 mortality in transport","SB","BP","","Block 1"
"347","2026","Chinook Salmon","late-fall",2025-12-04,"3:00",2025-12-04 03:00:00,"RT-11","Block 1 RT-11","AL, BS, LS","0","0","10","","SB","BP","","Block 1"
"348","2026","Chinook Salmon","late-fall",2025-12-04,"6:00",2025-12-04 06:00:00,"RT-12","Block 1 RT-12","AL, BS, LS","0","0","10","","SB","BP","","Block 1"
"349","2026","Chinook Salmon","late-fall",2025-12-04,"9:05",2025-12-04 09:05:00,"RT-13","Block 1 RT-13","CC, EH","0","0","10","CDFW Trawl net at fish release, released 100 ft downstream","SB","BP","","Block 1"
"350","2026","Chinook Salmon","late-fall",2025-12-04,"12:00",2025-12-04 12:00:00,"RT-14","Block 1 RT-14","CC, EH","0","0","10","","SB","BP","","Block 1"
"351","2026","Chinook Salmon","late-fall",2025-12-04,"14:53",2025-12-04 14:53:00,"RT-15","Block 1 RT-15","CC, EH","0","0","10","","SB","BP","","Block 1"
"352","2026","Chinook Salmon","late-fall",2025-12-04,"18:00",2025-12-04 18:00:00,"RT-16","Block 1 RT-16","CC, EH","0","0","10","","SB","BP","","Block 1"
"353","2026","Chinook Salmon","late-fall",2025-12-04,"21:00",2025-12-04 21:00:00,"RT-17","Block 1 RT-17","CW, CR","0","0","10","","SB","BP","","Block 1"
"354","2026","Chinook Salmon","late-fall",2025-12-05,"0:00",2025-12-05,"RT-18","Block 1 RT-18","CR, BS","0","0","10","","SB","BP","","Block 1"
"355","2026","Chinook Salmon","late-fall",2025-12-05,"2:56",2025-12-05 02:56:00,"RT-19","Block 1 RT-19","CR, CW","0","0","10","","SB","BP","","Block 1"
"356","2026","Chinook Salmon","late-fall",2025-12-05,"5:57",2025-12-05 05:57:00,"RT-20","Block 1 RT-20","CR, BS","0","0","10","Bin 21 lid attachment tore through, new holes drilled.","SB","BP","","Block 1"
"357","2026","Chinook Salmon","late-fall",2025-12-05,"8:59",2025-12-05 08:59:00,"RT-21","Block 1 RT-21","CJJ, KB","0","0","10","","SB","BP","","Block 1"
"358","2026","Chinook Salmon","late-fall",2025-12-05,"11:59",2025-12-05 11:59:00,"RT-22","Block 1 RT-22","CJJ, KB","0","0","10","","SB","BP","","Block 1"
"359","2026","Chinook Salmon","late-fall",2025-12-05,"14:58",2025-12-05 14:58:00,"RT-23","Block 1 RT-23","CJJ, KB","0","0","10","","SB","BP","","Block 1"
"360","2026","Chinook Salmon","late-fall",2025-12-05,"17:59",2025-12-05 17:59:00,"RT-24","Block 1 RT-24","CJJ, KB","0","0","10","","SB","BP","","Block 1"
"361","2026","Chinook Salmon","late-fall",2025-12-09,"21:06",2025-12-09 21:06:00,"RT-1","Block 2 RT-1","RM, BS","0","0","10","","SB","HS","","Block 2"
"362","2026","Chinook Salmon","late-fall",2025-12-10,"0:05",2025-12-10 00:05:00,"RT-2","Block 2 RT-2","RM, CW","0","0","10","","SB","HS","","Block 2"
"363","2026","Chinook Salmon","late-fall",2025-12-10,"2:59",2025-12-10 02:59:00,"RT-3","Block 2 RT-3","RM, BS","0","0","10","","SB","HS","","Block 2"
"364","2026","Chinook Salmon","late-fall",2025-12-10,"6:01",2025-12-10 06:01:00,"RT-4","Block 2 RT-4","RM, CW","0","0","10","Re-read marina temp and DO after release, 9.9C, 8.94 mg/L","SB","HS","","Block 2"
"365","2026","Chinook Salmon","late-fall",2025-12-10,"8:57",2025-12-10 08:57:00,"RT-5","Block 2 RT-5","BP, TC","0","0","10","","SB","HS","","Block 2"
"366","2026","Chinook Salmon","late-fall",2025-12-10,"11:56",2025-12-10 11:56:00,"RT-6","Block 2 RT-6","BP, TC","0","0","10","","SB","HS","","Block 2"
"367","2026","Chinook Salmon","late-fall",2025-12-10,"15:55",2025-12-10 15:55:00,"RT-7","Block 2 RT-7","BP, TC","0","0","10","","SB","HS","","Block 2"
"368","2026","Chinook Salmon","late-fall",2025-12-10,"17:56",2025-12-10 17:56:00,"RT-8","Block 2 RT-8","BP, TC","0","0","10","","SB","HS","","Block 2"
"369","2026","Chinook Salmon","late-fall",2025-12-10,"21:01",2025-12-10 21:01:00,"RT-9","Block 2 RT-9","RM, CC","0","0","10","","SB","HS","","Block 2"
"370","2026","Chinook Salmon","late-fall",2025-12-11,"0:00",2025-12-11,"RT-10","Block 2 RT-10","RM, AL","0","0","10","","SB","HS","","Block 2"
"371","2026","Chinook Salmon","late-fall",2025-12-11,"2:58",2025-12-11 02:58:00,"RT-11","Block 2 RT-11","RM, CC","0","0","10","","SB","HS","","Block 2"
"372","2026","Chinook Salmon","late-fall",2025-12-11,"6:00",2025-12-11 06:00:00,"RT-12","Block 2 RT-12","RM, AL","0","0","10","","SB","HS","","Block 2"
"373","2026","Chinook Salmon","late-fall",2025-12-11,"9:00",2025-12-11 09:00:00,"RT-13","Block 2 RT-13","BP, MD","0","0","10","","SB","HS","","Block 2"
"374","2026","Chinook Salmon","late-fall",2025-12-11,"11:58",2025-12-11 11:58:00,"RT-14","Block 2 RT-14","BP, MD","0","0","10","","SB","HS","","Block 2"
"375","2026","Chinook Salmon","late-fall",2025-12-11,"15:00",2025-12-11 15:00:00,"RT-15","Block 2 RT-15","BP, MD","0","0","10","","SB","HS","","Block 2"
"376","2026","Chinook Salmon","late-fall",2025-12-11,"18:00",2025-12-11 18:00:00,"RT-16","Block 2 RT-16","BP, MD","0","0","10","","SB","HS","","Block 2"
"377","2026","Chinook Salmon","late-fall",2025-12-11,"21:03",2025-12-11 21:03:00,"RT-17","Block 2 RT-17","AL, RM","0","0","10","","SB","HS","","Block 2"
"378","2026","Chinook Salmon","late-fall",2025-12-12,"0:00",2025-12-12,"RT-18","Block 2 RT-18","CJJ, RM","0","0","10","","SB","HS","","Block 2"
"379","2026","Chinook Salmon","late-fall",2025-12-12,"2:59",2025-12-12 02:59:00,"RT-19","Block 2 RT-19","AL, RM","0","0","10","","SB","HS","","Block 2"
"380","2026","Chinook Salmon","late-fall",2025-12-12,"6:02",2025-12-12 06:02:00,"RT-20","Block 2 RT-20","CJJ, RM","0","0","10","","SB","HS","","Block 2"
"381","2026","Chinook Salmon","late-fall",2025-12-12,"8:56",2025-12-12 08:56:00,"RT-21","Block 2 RT-21","MC, TC","0","0","10","","SB","HS","","Block 2"
"382","2026","Chinook Salmon","late-fall",2025-12-12,"11:57",2025-12-12 11:57:00,"RT-22","Block 2 RT-22","MC, TC","0","0","10","","SB","HS","","Block 2"
"383","2026","Chinook Salmon","late-fall",2025-12-12,"14:56",2025-12-12 14:56:00,"RT-23","Block 2 RT-23","MC, TC","0","0","10","","SB","HS","","Block 2"
"384","2026","Chinook Salmon","late-fall",2025-12-12,"17:56",2025-12-12 17:56:00,"RT-24","Block 2 RT-24","MC, TC","0","0","10","","SB","HS","","Block 2"
"385","2026","Chinook Salmon","late-fall",2026-01-06,"21:00",2026-01-06 21:00:00,"RT-1","Block 3 RT-1","NS, AL","0","0","10","","SB","CY","","Block 3"
"386","2026","Chinook Salmon","late-fall",2026-01-06,"0:00",2026-01-06,"RT-2","Block 3 RT-2","BS, AL","0","0","10","","SB","CY","","Block 3"
"387","2026","Chinook Salmon","late-fall",2026-01-07,"3:00",2026-01-07 03:00:00,"RT-3","Block 3 RT-3","NS, AL","0","0","10","","SB","CY","","Block 3"
"388","2026","Chinook Salmon","late-fall",2026-01-07,"6:00",2026-01-07 06:00:00,"RT-4","Block 3 RT-4","NS, AL","0","0","10","","SB","CY","","Block 3"
"389","2026","Chinook Salmon","late-fall",2026-01-07,"9:00",2026-01-07 09:00:00,"RT-5","Block 3 RT-5","BK, TC","0","0","10","","SB","CY","","Block 3"
"390","2026","Chinook Salmon","late-fall",2026-01-07,"12:00",2026-01-07 12:00:00,"RT-6","Block 3 RT-6","BK, TC","0","0","10","","SB","CY","","Block 3"
"391","2026","Chinook Salmon","late-fall",2026-01-07,"14:56",2026-01-07 14:56:00,"RT-7","Block 3 RT-7","BK, TC","0","0","10","","SB","CY","","Block 3"
"392","2026","Chinook Salmon","late-fall",2026-01-07,"17:57",2026-01-07 17:57:00,"RT-8","Block 3 RT-8","BK, TC","0","0","10","","SB","CY","","Block 3"
"393","2026","Chinook Salmon","late-fall",2026-01-07,"20:58",2026-01-07 20:58:00,"RT-9","Block 3 RT-9","NS, BS","0","0","10","","SB","CY","","Block 3"
"394","2026","Chinook Salmon","late-fall",2026-01-08,"0:00",2026-01-08,"RT-10","Block 3 RT-10","NS, RM","1","0","10","There is a 1 for morts, but crew counted 10 upon release.","SB","CY","","Block 3"
"395","2026","Chinook Salmon","late-fall",2026-01-08,"2:58",2026-01-08 02:58:00,"RT-11","Block 3 RT-11","NS, BS","0","0","10","","SB","CY","","Block 3"
"396","2026","Chinook Salmon","late-fall",2026-01-08,"5:57",2026-01-08 05:57:00,"RT-12","Block 3 RT-12","NS, RM","0","0","10","","SB","CY","","Block 3"
"397","2026","Chinook Salmon","late-fall",2026-01-08,"9:00",2026-01-08 09:00:00,"RT-13","Block 3 RT-13","KB, TC","0","0","10","","SB","CY","","Block 3"
"398","2026","Chinook Salmon","late-fall",2026-01-08,"12:00",2026-01-08 12:00:00,"RT-14","Block 3 RT-14","KB, TC","0","0","10","","SB","CY","","Block 3"
"399","2026","Chinook Salmon","late-fall",2026-01-08,"14:58",2026-01-08 14:58:00,"RT-15","Block 3 RT-15","KB, TC","0","0","10","","SB","CY","","Block 3"
"400","2026","Chinook Salmon","late-fall",2026-01-08,"17:57",2026-01-08 17:57:00,"RT-16","Block 3 RT-16","KB, TC","0","0","10","","SB","CY","","Block 3"
"401","2026","Chinook Salmon","late-fall",2026-01-08,"21:00",2026-01-08 21:00:00,"RT-17","Block 3 RT-17","RM, AL","0","0","20","Release groups 17 and 23 were combined due to fish mix up at CABA, both groups (20 fish) released at release 17.","SB","CY","","Block 3"
"402","2026","Chinook Salmon","late-fall",2026-01-09,"0:00",2026-01-09,"RT-18","Block 3 RT-18","JT, AL","0","0","10","","SB","CY","","Block 3"
"403","2026","Chinook Salmon","late-fall",2026-01-09,"3:01",2026-01-09 03:01:00,"RT-19","Block 3 RT-19","RM, AL","0","0","10","","SB","CY","","Block 3"
"404","2026","Chinook Salmon","late-fall",2026-01-09,"6:00",2026-01-09 06:00:00,"RT-20","Block 3 RT-20","JT, AL","0","0","10","","SB","CY","","Block 3"
"405","2026","Chinook Salmon","late-fall",2026-01-09,"9:01",2026-01-09 09:01:00,"RT-21","Block 3 RT-21","CJJ, BK","0","0","10","","SB","CY","","Block 3"
"406","2026","Chinook Salmon","late-fall",2026-01-09,"12:00",2026-01-09 12:00:00,"RT-22","Block 3 RT-22","CJJ, BK","0","0","10","","SB","CY","","Block 3"
"407","2026","Chinook Salmon","late-fall",2026-01-09,"18:05",2026-01-09 18:05:00,"RT-24","Block 3 RT-24","CJJ, BK","0","0","9","Crew counted 9 upon release.","SB","CY","","Block 3"
"408","2026","Chinook Salmon","late-fall",2026-01-13,"21:00",2026-01-13 21:00:00,"RT-1","Block 4 RT-1","RM, CW","0","0","10","","BP","HS","","Block 4"
"409","2026","Chinook Salmon","late-fall",2026-01-13,"23:58",2026-01-13 23:58:00,"RT-2","Block 4 RT-2","NS,RM","0","0","10","","BP","HS","","Block 4"
"410","2026","Chinook Salmon","late-fall",2026-01-14,"3:00",2026-01-14 03:00:00,"RT-3","Block 4 RT-3","RM, CW","0","0","10","","BP","HS","","Block 4"
"411","2026","Chinook Salmon","late-fall",2026-01-14,"5:58",2026-01-14 05:58:00,"RT-4","Block 4 RT-4","NS, RM","0","0","10","","BP","HS","","Block 4"
"412","2026","Chinook Salmon","late-fall",2026-01-14,"9:02",2026-01-14 09:02:00,"RT-5","Block 4 RT-5","EH,TC","0","0","10","","BP","HS","","Block 4"
"413","2026","Chinook Salmon","late-fall",2026-01-14,"11:57",2026-01-14 11:57:00,"RT-6","Block 4 RT-6","EH,TC","0","0","10","","BP","HS","","Block 4"
"414","2026","Chinook Salmon","late-fall",2026-01-14,"14:58",2026-01-14 14:58:00,"RT-7","Block 4 RT-7","EH,TC","0","0","10","","BP","HS","","Block 4"
"415","2026","Chinook Salmon","late-fall",2026-01-14,"17:59",2026-01-14 17:59:00,"RT-8","Block 4 RT-8","EH,TC","0","0","10","","BP","HS","","Block 4"
"416","2026","Chinook Salmon","late-fall",2026-01-14,"21:00",2026-01-14 21:00:00,"RT-9","Block 4 RT-9","AL, RM","0","0","10","","BP","HS","","Block 4"
"417","2026","Chinook Salmon","late-fall",2026-01-14,"23:59",2026-01-14 23:59:00,"RT-10","Block 4 RT-10","NS, RM","0","0","10","","BP","HS","","Block 4"
"418","2026","Chinook Salmon","late-fall",2026-01-15,"3:00",2026-01-15 03:00:00,"RT-11","Block 4 RT-11","AL, RM","0","0","10","","BP","HS","","Block 4"
"419","2026","Chinook Salmon","late-fall",2026-01-15,"5:59",2026-01-15 05:59:00,"RT-12","Block 4 RT-12","NS, RM","0","0","10","","BP","HS","","Block 4"
"420","2026","Chinook Salmon","late-fall",2026-01-15,"8:57",2026-01-15 08:57:00,"RT-13","Block 4 RT-13","BP, BK","0","0","10","","BP","HS","","Block 4"
"421","2026","Chinook Salmon","late-fall",2026-01-15,"12:02",2026-01-15 12:02:00,"RT-14","Block 4 RT-14","BP, BK","0","0","10","","BP","HS","","Block 4"
"422","2026","Chinook Salmon","late-fall",2026-01-15,"14:55",2026-01-15 14:55:00,"RT-15","Block 4 RT-15","BP, BK","0","0","10","","BP","HS","","Block 4"
"423","2026","Chinook Salmon","late-fall",2026-01-15,"17:58",2026-01-15 17:58:00,"RT-16","Block 4 RT-16","BP, BK","0","0","10","","BP","HS","","Block 4"
"424","2026","Chinook Salmon","late-fall",2026-01-15,"21:00",2026-01-15 21:00:00,"RT-17","Block 4 RT-17","AL, RM","0","0","10","","BP","HS","","Block 4"
"425","2026","Chinook Salmon","late-fall",2026-01-15,"23:59",2026-01-15 23:59:00,"RT-18","Block 4 RT-18","CJJ, RM","0","0","10","","BP","HS","","Block 4"
"426","2026","Chinook Salmon","late-fall",2026-01-16,"3:00",2026-01-16 03:00:00,"RT-19","Block 4 RT-19","AL, RM","0","0","10","","BP","HS","","Block 4"
"427","2026","Chinook Salmon","late-fall",2026-01-16,"6:01",2026-01-16 06:01:00,"RT-20","Block 4 RT-20","CJJ, RM","0","0","10","","BP","HS","","Block 4"
"428","2026","Chinook Salmon","late-fall",2026-01-16,"8:59",2026-01-16 08:59:00,"RT-21","Block 4 RT-21","EH, MC","0","0","10","USFW towing, went downsteam to release","BP","HS","","Block 4"
"429","2026","Chinook Salmon","late-fall",2026-01-16,"12:00",2026-01-16 12:00:00,"RT-22","Block 4 RT-22","EH, MC","0","0","10","","BP","HS","","Block 4"
"430","2026","Chinook Salmon","late-fall",2026-01-16,"15:05",2026-01-16 15:05:00,"RT-23","Block 4 RT-23","EH, MC","0","0","10","","BP","HS","","Block 4"
"431","2026","Chinook Salmon","late-fall",2026-01-16,"17:58",2026-01-16 17:58:00,"RT-24","Block 4 RT-24","EH, MC","0","0","10","","BP","HS","","Block 4"
"432","2026","Chinook Salmon","late-fall",2026-02-03,"21:00",2026-02-03 21:00:00,"RT-1","Block 5 RT-1","AL, BS","0","0","10","","SB","EH","","Block 5"
"433","2026","Chinook Salmon","late-fall",2026-02-04,"0:00",2026-02-04,"RT-2","Block 5 RT-2","AL, CJJ","0","0","10","","SB","EH","","Block 5"
"434","2026","Chinook Salmon","late-fall",2026-02-04,"3:00",2026-02-04 03:00:00,"RT-3","Block 5 RT-3","AL, BS","0","0","10","","SB","EH","","Block 5"
"435","2026","Chinook Salmon","late-fall",2026-02-04,"5:59",2026-02-04 05:59:00,"RT-4","Block 5 RT-4","AL, CJJ","0","0","10","","SB","EH","","Block 5"
"436","2026","Chinook Salmon","late-fall",2026-02-04,"8:59",2026-02-04 08:59:00,"RT-5","Block 5 RT-5","CR, TC","0","0","9","1 mort at CABA","SB","EH","","Block 5"
"437","2026","Chinook Salmon","late-fall",2026-02-04,"11:58",2026-02-04 11:58:00,"RT-6","Block 5 RT-6","CR, TC","0","0","10","","SB","EH","","Block 5"
"438","2026","Chinook Salmon","late-fall",2026-02-04,"15:00",2026-02-04 15:00:00,"RT-7","Block 5 RT-7","CR, TC","0","0","9","1 escaped from trashcan","SB","EH","","Block 5"
"439","2026","Chinook Salmon","late-fall",2026-02-04,"17:57",2026-02-04 17:57:00,"RT-8","Block 5 RT-8","CR, TC","0","0","10","","SB","EH","","Block 5"
"440","2026","Chinook Salmon","late-fall",2026-02-04,"21:00",2026-02-04 21:00:00,"RT-9","Block 5 RT-9","AL, BS","0","0","10","","SB","EH","","Block 5"
"441","2026","Chinook Salmon","late-fall",2026-02-05,"0:00",2026-02-05,"RT-10","Block 5 RT-10","AL, CW","0","0","10","","SB","EH","","Block 5"
"442","2026","Chinook Salmon","late-fall",2026-02-05,"3:00",2026-02-05 03:00:00,"RT-11","Block 5 RT-11","AL, BS","0","0","8","2 morts at CABA","SB","EH","","Block 5"
"443","2026","Chinook Salmon","late-fall",2026-02-05,"5:59",2026-02-05 05:59:00,"RT-12","Block 5 RT-12","AL, CW","0","0","9","1 mort at CABA, released near marina entrance due to fog","SB","EH","","Block 5"
"444","2026","Chinook Salmon","late-fall",2026-02-05,"9:00",2026-02-05 09:00:00,"RT-13","Block 5 RT-13","BK, TC","0","0","10","released near marina entrance due to fog","SB","EH","","Block 5"
"445","2026","Chinook Salmon","late-fall",2026-02-05,"11:56",2026-02-05 11:56:00,"RT-14","Block 5 RT-14","BK, TC","0","0","9","1 mort at CABA","SB","EH","","Block 5"
"446","2026","Chinook Salmon","late-fall",2026-02-05,"14:58",2026-02-05 14:58:00,"RT-15","Block 5 RT-15","BK, TC","0","0","8","2 morts at CABA","SB","EH","","Block 5"
"447","2026","Chinook Salmon","late-fall",2026-02-05,"17:58",2026-02-05 17:58:00,"RT-16","Block 5 RT-16","BK, TC","0","0","10","","SB","EH","","Block 5"
"448","2026","Chinook Salmon","late-fall",2026-02-05,"21:00",2026-02-05 21:00:00,"RT-17","Block 5 RT-17","AL, BS","0","0","8","reduced tagging group to 8 total at CABA","SB","EH","","Block 5"
"449","2026","Chinook Salmon","late-fall",2026-02-06,"0:00",2026-02-06,"RT-18","Block 5 RT-18","AL, CW","0","0","8","reduced tagging group to 8 total at CABA","SB","EH","","Block 5"
"450","2026","Chinook Salmon","late-fall",2026-02-06,"3:00",2026-02-06 03:00:00,"RT-19","Block 5 RT-19","AL, BS","0","0","8","reduced tagging group to 8 total at CABA","SB","EH","release time entered incorrectly, changed from 13:00 to 3:00","Block 5"
"451","2026","Chinook Salmon","late-fall",2026-02-06,"6:00",2026-02-06 06:00:00,"RT-20","Block 5 RT-20","AL, CW","0","0","8","reduced tagging group to 8 total at CABA","SB","EH","","Block 5"
"452","2026","Chinook Salmon","late-fall",2026-02-06,"9:00",2026-02-06 09:00:00,"RT-21","Block 5 RT-21","BK, CJJ","0","0","8","reduced tagging group to 8 total at CABA","SB","EH","","Block 5"
"453","2026","Chinook Salmon","late-fall",2026-02-06,"12:02",2026-02-06 12:02:00,"RT-22","Block 5 RT-22","BK, CJJ","0","0","8","reduced tagging group to 8 total at CABA","SB","EH","","Block 5"
"454","2026","Chinook Salmon","late-fall",2026-02-06,"15:00",2026-02-06 15:00:00,"RT-23","Block 5 RT-23","BK, CJJ","0","0","8","reduced tagging group to 8 total at CABA","SB","EH","","Block 5"
"455","2026","Chinook Salmon","late-fall",2026-02-06,"18:00",2026-02-06 18:00:00,"RT-24","Block 5 RT-24","BK, CJJ","0","0","8","reduced tagging group to 8 total at CABA","SB","EH","","Block 5"
"456","2026","Chinook Salmon","late-fall",2026-02-10,"21:00",2026-02-10 21:00:00,"RT-1","Block 6 RT-1","RM, TC","0","0","9","Only 9 tagged.","SB","HS","","Block 6"
"457","2026","Chinook Salmon","late-fall",2026-02-10,"23:59",2026-02-10 23:59:00,"RT-2","Block 6 RT-2","RM, NS","0","0","9","Only 9 tagged.","SB","HS","","Block 6"
"458","2026","Chinook Salmon","late-fall",2026-02-11,"3:00",2026-02-11 03:00:00,"RT-3","Block 6 RT-3","RM, TC","0","0","9","Only 9 tagged.","SB","HS","","Block 6"
"459","2026","Chinook Salmon","late-fall",2026-02-11,"6:00",2026-02-11 06:00:00,"RT-4","Block 6 RT-4","RM, NS","0","0","9","Only 9 tagged.","SB","HS","","Block 6"
"460","2026","Chinook Salmon","late-fall",2026-02-11,"9:00",2026-02-11 09:00:00,"RT-5","Block 6 RT-5","BP, CC","0","0","9","Only 9 tagged.","SB","HS","","Block 6"
"461","2026","Chinook Salmon","late-fall",2026-02-11,"11:58",2026-02-11 11:58:00,"RT-6","Block 6 RT-6","BP, CC","0","0","9","Only 9 tagged.","SB","HS","","Block 6"
"462","2026","Chinook Salmon","late-fall",2026-02-11,"14:57",2026-02-11 14:57:00,"RT-7","Block 6 RT-7","BP, CC","0","0","9","Only 9 tagged.","SB","HS","","Block 6"
"463","2026","Chinook Salmon","late-fall",2026-02-11,"17:55",2026-02-11 17:55:00,"RT-8","Block 6 RT-8","BP, CC","0","0","9","Only 9 tagged.","SB","HS","","Block 6"
"464","2026","Chinook Salmon","late-fall",2026-02-11,"20:59",2026-02-11 20:59:00,"RT-9","Block 6 RT-9","RM, NS","0","0","10","","SB","HS","","Block 6"
"465","2026","Chinook Salmon","late-fall",2026-02-12,"0:00",2026-02-12,"RT-10","Block 6 RT-10","RM, CJJ","0","0","10","","SB","HS","","Block 6"
"466","2026","Chinook Salmon","late-fall",2026-02-12,"2:58",2026-02-12 02:58:00,"RT-11","Block 6 RT-11","RM, NS","0","0","10","","SB","HS","","Block 6"
"467","2026","Chinook Salmon","late-fall",2026-02-12,"5:58",2026-02-12 05:58:00,"RT-12","Block 6 RT-12","RM, CJJ","0","0","10","","SB","HS","","Block 6"
"468","2026","Chinook Salmon","late-fall",2026-02-12,"9:05",2026-02-12 09:05:00,"RT-13","Block 6 RT-13","MC, MD","0","0","10","Fish Released 200 yds downstream due to USFWS nets.","SB","HS","","Block 6"
"469","2026","Chinook Salmon","late-fall",2026-02-12,"12:03",2026-02-12 12:03:00,"RT-14","Block 6 RT-14","MC, MD","0","0","10","","SB","HS","","Block 6"
"470","2026","Chinook Salmon","late-fall",2026-02-12,"15:00",2026-02-12 15:00:00,"RT-15","Block 6 RT-15","MC, MD","0","0","10","","SB","HS","","Block 6"
"471","2026","Chinook Salmon","late-fall",2026-02-12,"18:00",2026-02-12 18:00:00,"RT-16","Block 6 RT-16","MC, MD","0","0","10","","SB","HS","","Block 6"
"472","2026","Chinook Salmon","late-fall",2026-02-12,"21:00",2026-02-12 21:00:00,"RT-17","Block 6 RT-17","RM, AL","0","0","10","","SB","HS","","Block 6"
"473","2026","Chinook Salmon","late-fall",2026-02-12,"23:59",2026-02-12 23:59:00,"RT-18","Block 6 RT-18","RM, CJJ","0","0","10","","SB","HS","","Block 6"
"474","2026","Chinook Salmon","late-fall",2026-02-13,"3:00",2026-02-13 03:00:00,"RT-19","Block 6 RT-19","RM, AL","0","0","10","","SB","HS","","Block 6"
"475","2026","Chinook Salmon","late-fall",2026-02-13,"5:59",2026-02-13 05:59:00,"RT-20","Block 6 RT-20","RM, CJJ","0","0","10","","SB","HS","","Block 6"
"476","2026","Chinook Salmon","late-fall",2026-02-13,"9:04",2026-02-13 09:04:00,"RT-21","Block 6 RT-21","SB, BK","0","0","10","","SB","HS","","Block 6"
"477","2026","Chinook Salmon","late-fall",2026-02-13,"12:00",2026-02-13 12:00:00,"RT-22","Block 6 RT-22","SB, BK","0","0","10","","SB","HS","","Block 6"
"478","2026","Chinook Salmon","late-fall",2026-02-13,"15:00",2026-02-13 15:00:00,"RT-23","Block 6 RT-23","SB, BK","0","0","10","","SB","HS","","Block 6"
"479","2026","Chinook Salmon","late-fall",2026-02-13,"18:00",2026-02-13 18:00:00,"RT-24","Block 6 RT-24","SB, BK","0","0","10","","SB","HS","","Block 6"
"480","2026","Chinook Salmon","fall",2026-04-21,"21:00",2026-04-21 21:00:00,"RT-1","Block 7 RT-1","AL, BS, CJ","0","0","10","","SB","PH","","Block 7"
"481","2026","Chinook Salmon","fall",2026-04-22,"0:00",2026-04-22,"RT-2","Block 7 RT-2","CJJ, AL, BS","0","0","10","","SB","PH","","Block 7"
"482","2026","Chinook Salmon","fall",2026-04-22,"3:00",2026-04-22 03:00:00,"RT-3","Block 7 RT-3","AL, BS, CJ","0","0","10","","SB","PH","","Block 7"
"483","2026","Chinook Salmon","fall",2026-04-22,"5:59",2026-04-22 05:59:00,"RT-4","Block 7 RT-4","AL, BS, CJJ","0","0","10","","SB","PH","","Block 7"
"484","2026","Chinook Salmon","fall",2026-04-22,"8:59",2026-04-22 08:59:00,"RT-5","Block 7 RT-5","CY, TC","0","0","10","","SB","PH","","Block 7"
"485","2026","Chinook Salmon","fall",2026-04-22,"11:59",2026-04-22 11:59:00,"RT-6","Block 7 RT-6","CY, TC","0","0","10","","SB","PH","","Block 7"
"486","2026","Chinook Salmon","fall",2026-04-22,"14:56",2026-04-22 14:56:00,"RT-7","Block 7 RT-7","CY, TC","0","0","10","","SB","PH","","Block 7"
"487","2026","Chinook Salmon","fall",2026-04-22,"17:57",2026-04-22 17:57:00,"RT-8","Block 7 RT-8","CY, TC","0","0","10","","SB","PH","","Block 7"
"488","2026","Chinook Salmon","fall",2026-04-22,"20:57",2026-04-22 20:57:00,"RT-9","Block 7 RT-9","BS, NS","0","0","10","","SB","PH","","Block 7"
"489","2026","Chinook Salmon","fall",2026-04-22,"23:57",2026-04-22 23:57:00,"RT-10","Block 7 RT-10","TM, NS","0","0","10","","SB","PH","","Block 7"
"490","2026","Chinook Salmon","fall",2026-04-23,"2:57",2026-04-23 02:57:00,"RT-11","Block 7 RT-11","BS, NS","0","0","10","","SB","PH","","Block 7"
"491","2026","Chinook Salmon","fall",2026-04-23,"5:56",2026-04-23 05:56:00,"RT-12","Block 7 RT-12","TM, NS","0","0","10","","SB","PH","","Block 7"
"492","2026","Chinook Salmon","fall",2026-04-23,"8:59",2026-04-23 08:59:00,"RT-13","Block 7 RT-13","AL, TC","0","0","10","","SB","PH","","Block 7"
"493","2026","Chinook Salmon","fall",2026-04-23,"11:59",2026-04-23 11:59:00,"RT-14","Block 7 RT-14","AL, TC","0","0","10","","SB","PH","","Block 7"
"494","2026","Chinook Salmon","fall",2026-04-23,"15:00",2026-04-23 15:00:00,"RT-15","Block 7 RT-15","AL, TC","0","0","10","","SB","PH","","Block 7"
"495","2026","Chinook Salmon","fall",2026-04-23,"18:00",2026-04-23 18:00:00,"RT-16","Block 7 RT-16","AL, TC","0","0","9","mort on tagging, only 9 in tub","SB","PH","added comment ","Block 7"
"496","2026","Chinook Salmon","fall",2026-04-23,"21:00",2026-04-23 21:00:00,"RT-17","Block 7 RT-17","BS, BK","0","0","10","","SB","PH","","Block 7"
"497","2026","Chinook Salmon","fall",2026-04-24,"0:00",2026-04-24,"RT-18","Block 7 RT-18","TM, BK","0","0","10","","SB","PH","","Block 7"
"498","2026","Chinook Salmon","fall",2026-04-24,"3:00",2026-04-24 03:00:00,"RT-19","Block 7 RT-19","BS, BK","0","0","10","","SB","PH","","Block 7"
"499","2026","Chinook Salmon","fall",2026-04-24,"5:59",2026-04-24 05:59:00,"RT-20","Block 7 RT-20","TM, BK","0","0","10","","SB","PH","","Block 7"
"500","2026","Chinook Salmon","fall",2026-04-24,"9:05",2026-04-24 09:05:00,"RT-21","Block 7 RT-21","CC, EH","0","0","10","","SB","PH","","Block 7"
"501","2026","Chinook Salmon","fall",2026-04-24,"11:57",2026-04-24 11:57:00,"RT-22","Block 7 RT-22","CC, EH","0","0","10","","SB","PH","","Block 7"
"502","2026","Chinook Salmon","fall",2026-04-24,"15:00",2026-04-24 15:00:00,"RT-23","Block 7 RT-23","CC, EH","1","0","9","Died after transport","SB","PH","","Block 7"
"503","2026","Chinook Salmon","fall",2026-04-24,"17:58",2026-04-24 17:58:00,"RT-24","Block 7 RT-24","CC, EH","0","0","9","Only 9 fish","SB","PH","","Block 7"
"504","2026","Chinook Salmon","fall",2026-04-28,"21:00",2026-04-28 21:00:00,"RT-1","Block 8 RT-1","RM. BS","0","0","10","","BP","EH","","Block 8"
"505","2026","Chinook Salmon","fall",2026-04-28,"23:59",2026-04-28 23:59:00,"RT-2","Block 8 RT-2","RM, NS","0","0","10","","BP","EH","","Block 8"
"506","2026","Chinook Salmon","fall",2026-04-29,"2:59",2026-04-29 02:59:00,"RT-3","Block 8 RT-3","RM, BS","0","0","10","","BP","EH","","Block 8"
"507","2026","Chinook Salmon","fall",2026-04-29,"5:59",2026-04-29 05:59:00,"RT-4","Block 8 RT-4","RM, NS","0","0","10","","BP","EH","","Block 8"
"508","2026","Chinook Salmon","fall",2026-04-29,"9:00",2026-04-29 09:00:00,"RT-5","Block 8 RT-5","EH, ND","0","0","10","","BP","EH","","Block 8"
"509","2026","Chinook Salmon","fall",2026-04-29,"12:00",2026-04-29 12:00:00,"RT-6","Block 8 RT-6","EH, ND","0","0","10","","BP","EH","","Block 8"
"510","2026","Chinook Salmon","fall",2026-04-29,"15:02",2026-04-29 15:02:00,"RT-7","Block 8 RT-7","EH, ND","0","0","10","","BP","EH","","Block 8"
"511","2026","Chinook Salmon","fall",2026-04-29,"17:59",2026-04-29 17:59:00,"RT-8","Block 8 RT-8","EH, ND","0","0","10","","BP","EH","","Block 8"
"512","2026","Chinook Salmon","fall",2026-04-29,"20:59",2026-04-29 20:59:00,"RT-9","Block 8 RT-9","NS, RM","0","0","10","","BP","EH","","Block 8"
"513","2026","Chinook Salmon","fall",2026-04-29,"23:59",2026-04-29 23:59:00,"RT-10","Block 8 RT-10","CJJ, RM","0","0","10","","BP","EH","","Block 8"
"514","2026","Chinook Salmon","fall",2026-04-30,"2:59",2026-04-30 02:59:00,"RT-11","Block 8 RT-11","NS, RM","0","0","10","","BP","EH","","Block 8"
"515","2026","Chinook Salmon","fall",2026-04-30,"5:59",2026-04-30 05:59:00,"RT-12","Block 8 RT-12","CJJ, RM","0","0","10","saw sea lion surface near release site","BP","EH","","Block 8"
"516","2026","Chinook Salmon","fall",2026-04-30,"9:03",2026-04-30 09:03:00,"RT-13","Block 8 RT-13","MD, RW","0","0","10","slightly delayed, released 100 ft downstream due to USFWS trawling","BP","EH","","Block 8"
"517","2026","Chinook Salmon","fall",2026-04-30,"12:03",2026-04-30 12:03:00,"RT-14","Block 8 RT-14","MD, RW","0","0","10","","BP","EH","","Block 8"
"518","2026","Chinook Salmon","fall",2026-04-30,"14:58",2026-04-30 14:58:00,"RT-15","Block 8 RT-15","MD, RW","0","0","10","","BP","EH","","Block 8"
"519","2026","Chinook Salmon","fall",2026-04-30,"17:59",2026-04-30 17:59:00,"RT-16","Block 8 RT-16","MD, RW","0","0","10","","BP","EH","","Block 8"
"520","2026","Chinook Salmon","fall",2026-04-30,"20:58",2026-04-30 20:58:00,"RT-17","Block 8 RT-17","NS, RM","0","0","10","","BP","EH","","Block 8"
"521","2026","Chinook Salmon","fall",2026-04-30,"23:59",2026-04-30 23:59:00,"RT-18","Block 8 RT-18","CJJ, RM","0","0","10","","BP","EH","","Block 8"
"522","2026","Chinook Salmon","fall",2026-05-01,"2:58",2026-05-01 02:58:00,"RT-19","Block 8 RT-19","NS, RM","0","0","10","","BP","EH","","Block 8"
"523","2026","Chinook Salmon","fall",2026-05-01,"5:59",2026-05-01 05:59:00,"RT-20","Block 8 RT-20","CJJ, RM","0","0","10","","BP","EH","","Block 8"
"524","2026","Chinook Salmon","fall",2026-05-01,"8:58",2026-05-01 08:58:00,"RT-21","Block 8 RT-21","BP, TC","0","0","10","","BP","EH","","Block 8"
"525","2026","Chinook Salmon","fall",2026-05-01,"11:57",2026-05-01 11:57:00,"RT-22","Block 8 RT-22","BP, TC","0","0","10","","BP","EH","","Block 8"
"526","2026","Chinook Salmon","fall",2026-05-01,"14:55",2026-05-01 14:55:00,"RT-23","Block 8 RT-23","BP, TC","0","0","10","","BP","EH","","Block 8"
"527","2026","Chinook Salmon","fall",2026-05-01,"17:56",2026-05-01 17:56:00,"RT-24","Block 8 RT-24","BP, TC","0","0","10","","BP","EH","","Block 8"
