"","tagging_block","days_since_activation","n_tags","n_active","prop_active","water_year"
"1","1",0,16,16,1,"2026"
"2","1",1,16,16,1,"2026"
"3","1",2,16,16,1,"2026"
"4","1",3,16,16,1,"2026"
"5","1",4,16,16,1,"2026"
"6","1",5,16,16,1,"2026"
"7","1",6,16,16,1,"2026"
"8","1",7,16,16,1,"2026"
"9","1",8,16,16,1,"2026"
"10","1",9,16,16,1,"2026"
"11","1",10,16,16,1,"2026"
"12","1",11,16,16,1,"2026"
"13","1",12,16,16,1,"2026"
"14","1",13,16,16,1,"2026"
"15","1",14,16,16,1,"2026"
"16","1",15,16,16,1,"2026"
"17","1",16,16,16,1,"2026"
"18","1",17,16,16,1,"2026"
"19","1",18,16,16,1,"2026"
"20","1",19,16,16,1,"2026"
"21","1",20,16,16,1,"2026"
"22","1",21,16,16,1,"2026"
"23","1",22,16,16,1,"2026"
"24","1",23,16,16,1,"2026"
"25","1",24,16,16,1,"2026"
"26","1",25,16,16,1,"2026"
"27","1",26,16,16,1,"2026"
"28","1",27,16,16,1,"2026"
"29","1",28,16,16,1,"2026"
"30","1",29,16,16,1,"2026"
"31","1",30,16,16,1,"2026"
"32","1",31,16,16,1,"2026"
"33","1",32,16,16,1,"2026"
"34","1",33,16,16,1,"2026"
"35","1",34,16,16,1,"2026"
"36","1",35,16,16,1,"2026"
"37","1",36,16,16,1,"2026"
"38","1",37,16,16,1,"2026"
"39","1",38,16,16,1,"2026"
"40","1",39,16,16,1,"2026"
"41","1",40,16,16,1,"2026"
"42","1",41,16,16,1,"2026"
"43","1",42,16,16,1,"2026"
"44","1",43,16,16,1,"2026"
"45","1",44,16,16,1,"2026"
"46","1",45,16,16,1,"2026"
"47","1",46,16,16,1,"2026"
"48","1",47,16,16,1,"2026"
"49","1",48,16,16,1,"2026"
"50","1",49,16,16,1,"2026"
"51","1",50,16,16,1,"2026"
"52","1",51,16,16,1,"2026"
"53","1",52,16,16,1,"2026"
"54","1",53,16,16,1,"2026"
"55","1",54,16,16,1,"2026"
"56","1",55,16,16,1,"2026"
"57","1",56,16,16,1,"2026"
"58","1",57,16,16,1,"2026"
"59","1",58,16,16,1,"2026"
"60","1",59,16,16,1,"2026"
"61","1",60,16,16,1,"2026"
"62","1",61,16,16,1,"2026"
"63","1",62,16,16,1,"2026"
"64","1",63,16,16,1,"2026"
"65","1",64,16,16,1,"2026"
"66","1",65,16,16,1,"2026"
"67","1",66,16,16,1,"2026"
"68","1",67,16,16,1,"2026"
"69","1",68,16,16,1,"2026"
"70","1",69,16,16,1,"2026"
"71","1",70,16,16,1,"2026"
"72","1",71,16,16,1,"2026"
"73","1",72,16,16,1,"2026"
"74","1",73,16,16,1,"2026"
"75","1",74,16,16,1,"2026"
"76","1",75,16,16,1,"2026"
"77","1",76,16,16,1,"2026"
"78","1",77,16,16,1,"2026"
"79","1",78,16,16,1,"2026"
"80","1",79,16,16,1,"2026"
"81","1",80,16,16,1,"2026"
"82","1",81,16,16,1,"2026"
"83","1",82,16,16,1,"2026"
"84","1",83,16,16,1,"2026"
"85","1",84,16,16,1,"2026"
"86","1",85,16,16,1,"2026"
"87","1",86,16,16,1,"2026"
"88","1",87,16,16,1,"2026"
"89","1",88,16,16,1,"2026"
"90","1",89,16,16,1,"2026"
"91","1",90,16,16,1,"2026"
"92","1",91,16,16,1,"2026"
"93","1",92,16,16,1,"2026"
"94","1",93,16,16,1,"2026"
"95","1",94,16,16,1,"2026"
"96","1",95,16,16,1,"2026"
"97","1",96,16,16,1,"2026"
"98","1",97,16,16,1,"2026"
"99","1",98,16,16,1,"2026"
"100","1",99,16,16,1,"2026"
"101","1",100,16,16,1,"2026"
"102","1",101,16,16,1,"2026"
"103","1",102,16,16,1,"2026"
"104","1",103,16,16,1,"2026"
"105","1",104,16,16,1,"2026"
"106","1",105,16,16,1,"2026"
"107","1",106,16,16,1,"2026"
"108","1",107,16,16,1,"2026"
"109","1",108,16,16,1,"2026"
"110","1",109,16,16,1,"2026"
"111","1",110,16,16,1,"2026"
"112","1",111,16,16,1,"2026"
"113","1",112,16,16,1,"2026"
"114","1",113,16,15,0.9375,"2026"
"115","1",114,16,15,0.9375,"2026"
"116","1",115,16,15,0.9375,"2026"
"117","1",116,16,15,0.9375,"2026"
"118","1",117,16,15,0.9375,"2026"
"119","1",118,16,15,0.9375,"2026"
"120","1",119,16,15,0.9375,"2026"
"121","1",120,16,15,0.9375,"2026"
"122","1",121,16,15,0.9375,"2026"
"123","1",122,16,15,0.9375,"2026"
"124","1",123,16,15,0.9375,"2026"
"125","1",124,16,15,0.9375,"2026"
"126","1",125,16,14,0.875,"2026"
"127","1",126,16,14,0.875,"2026"
"128","1",127,16,14,0.875,"2026"
"129","1",128,16,13,0.8125,"2026"
"130","1",129,16,13,0.8125,"2026"
"131","1",130,16,13,0.8125,"2026"
"132","1",131,16,12,0.75,"2026"
"133","1",132,16,11,0.6875,"2026"
"134","1",133,16,11,0.6875,"2026"
"135","1",134,16,10,0.625,"2026"
"136","1",135,16,10,0.625,"2026"
"137","1",136,16,9,0.5625,"2026"
"138","1",137,16,9,0.5625,"2026"
"139","1",138,16,8,0.5,"2026"
"140","1",139,16,8,0.5,"2026"
"141","1",140,16,8,0.5,"2026"
"142","1",141,16,8,0.5,"2026"
"143","1",142,16,8,0.5,"2026"
"144","1",143,16,7,0.4375,"2026"
"145","1",144,16,7,0.4375,"2026"
"146","1",145,16,4,0.25,"2026"
"147","1",146,16,4,0.25,"2026"
"148","1",147,16,4,0.25,"2026"
"149","1",148,16,3,0.1875,"2026"
"150","1",149,16,3,0.1875,"2026"
"151","1",150,16,3,0.1875,"2026"
"152","1",151,16,2,0.125,"2026"
"153","1",152,16,2,0.125,"2026"
"154","1",153,16,1,0.0625,"2026"
"155","1",154,16,1,0.0625,"2026"
"156","1",155,16,1,0.0625,"2026"
"157","1",156,16,1,0.0625,"2026"
"158","1",157,16,1,0.0625,"2026"
"159","1",158,16,1,0.0625,"2026"
"160","1",159,16,1,0.0625,"2026"
"161","1",160,16,1,0.0625,"2026"
"162","1",161,16,1,0.0625,"2026"
"163","1",162,16,0,0,"2026"
"164","1",163,16,0,0,"2026"
"165","1",164,16,0,0,"2026"
"166","1",165,16,0,0,"2026"
"167","1",166,16,0,0,"2026"
"168","1",167,16,0,0,"2026"
"169","1",168,16,0,0,"2026"
"170","1",169,16,0,0,"2026"
"171","1",170,16,0,0,"2026"
"172","1",171,16,0,0,"2026"
"173","1",172,16,0,0,"2026"
"174","1",173,16,0,0,"2026"
"175","1",174,16,0,0,"2026"
"176","1",175,16,0,0,"2026"
"177","1",176,16,0,0,"2026"
"178","1",177,16,0,0,"2026"
"179","1",178,16,0,0,"2026"
"180","1",179,16,0,0,"2026"
"181","1",180,16,0,0,"2026"
"182","2",0,16,16,1,"2026"
"183","2",1,16,16,1,"2026"
"184","2",2,16,16,1,"2026"
"185","2",3,16,16,1,"2026"
"186","2",4,16,16,1,"2026"
"187","2",5,16,16,1,"2026"
"188","2",6,16,16,1,"2026"
"189","2",7,16,16,1,"2026"
"190","2",8,16,16,1,"2026"
"191","2",9,16,16,1,"2026"
"192","2",10,16,16,1,"2026"
"193","2",11,16,16,1,"2026"
"194","2",12,16,16,1,"2026"
"195","2",13,16,16,1,"2026"
"196","2",14,16,16,1,"2026"
"197","2",15,16,16,1,"2026"
"198","2",16,16,16,1,"2026"
"199","2",17,16,16,1,"2026"
"200","2",18,16,16,1,"2026"
"201","2",19,16,16,1,"2026"
"202","2",20,16,16,1,"2026"
"203","2",21,16,16,1,"2026"
"204","2",22,16,16,1,"2026"
"205","2",23,16,16,1,"2026"
"206","2",24,16,16,1,"2026"
"207","2",25,16,16,1,"2026"
"208","2",26,16,16,1,"2026"
"209","2",27,16,16,1,"2026"
"210","2",28,16,16,1,"2026"
"211","2",29,16,16,1,"2026"
"212","2",30,16,16,1,"2026"
"213","2",31,16,16,1,"2026"
"214","2",32,16,16,1,"2026"
"215","2",33,16,16,1,"2026"
"216","2",34,16,16,1,"2026"
"217","2",35,16,16,1,"2026"
"218","2",36,16,16,1,"2026"
"219","2",37,16,16,1,"2026"
"220","2",38,16,16,1,"2026"
"221","2",39,16,16,1,"2026"
"222","2",40,16,16,1,"2026"
"223","2",41,16,16,1,"2026"
"224","2",42,16,16,1,"2026"
"225","2",43,16,16,1,"2026"
"226","2",44,16,16,1,"2026"
"227","2",45,16,16,1,"2026"
"228","2",46,16,16,1,"2026"
"229","2",47,16,16,1,"2026"
"230","2",48,16,16,1,"2026"
"231","2",49,16,16,1,"2026"
"232","2",50,16,16,1,"2026"
"233","2",51,16,16,1,"2026"
"234","2",52,16,16,1,"2026"
"235","2",53,16,15,0.9375,"2026"
"236","2",54,16,15,0.9375,"2026"
"237","2",55,16,15,0.9375,"2026"
"238","2",56,16,15,0.9375,"2026"
"239","2",57,16,15,0.9375,"2026"
"240","2",58,16,15,0.9375,"2026"
"241","2",59,16,15,0.9375,"2026"
"242","2",60,16,15,0.9375,"2026"
"243","2",61,16,15,0.9375,"2026"
"244","2",62,16,15,0.9375,"2026"
"245","2",63,16,15,0.9375,"2026"
"246","2",64,16,15,0.9375,"2026"
"247","2",65,16,15,0.9375,"2026"
"248","2",66,16,15,0.9375,"2026"
"249","2",67,16,15,0.9375,"2026"
"250","2",68,16,15,0.9375,"2026"
"251","2",69,16,15,0.9375,"2026"
"252","2",70,16,15,0.9375,"2026"
"253","2",71,16,15,0.9375,"2026"
"254","2",72,16,15,0.9375,"2026"
"255","2",73,16,15,0.9375,"2026"
"256","2",74,16,15,0.9375,"2026"
"257","2",75,16,15,0.9375,"2026"
"258","2",76,16,15,0.9375,"2026"
"259","2",77,16,15,0.9375,"2026"
"260","2",78,16,15,0.9375,"2026"
"261","2",79,16,15,0.9375,"2026"
"262","2",80,16,15,0.9375,"2026"
"263","2",81,16,15,0.9375,"2026"
"264","2",82,16,15,0.9375,"2026"
"265","2",83,16,15,0.9375,"2026"
"266","2",84,16,15,0.9375,"2026"
"267","2",85,16,15,0.9375,"2026"
"268","2",86,16,15,0.9375,"2026"
"269","2",87,16,15,0.9375,"2026"
"270","2",88,16,15,0.9375,"2026"
"271","2",89,16,15,0.9375,"2026"
"272","2",90,16,15,0.9375,"2026"
"273","2",91,16,15,0.9375,"2026"
"274","2",92,16,15,0.9375,"2026"
"275","2",93,16,15,0.9375,"2026"
"276","2",94,16,15,0.9375,"2026"
"277","2",95,16,15,0.9375,"2026"
"278","2",96,16,15,0.9375,"2026"
"279","2",97,16,15,0.9375,"2026"
"280","2",98,16,15,0.9375,"2026"
"281","2",99,16,15,0.9375,"2026"
"282","2",100,16,15,0.9375,"2026"
"283","2",101,16,15,0.9375,"2026"
"284","2",102,16,15,0.9375,"2026"
"285","2",103,16,15,0.9375,"2026"
"286","2",104,16,15,0.9375,"2026"
"287","2",105,16,15,0.9375,"2026"
"288","2",106,16,15,0.9375,"2026"
"289","2",107,16,15,0.9375,"2026"
"290","2",108,16,14,0.875,"2026"
"291","2",109,16,14,0.875,"2026"
"292","2",110,16,14,0.875,"2026"
"293","2",111,16,14,0.875,"2026"
"294","2",112,16,14,0.875,"2026"
"295","2",113,16,14,0.875,"2026"
"296","2",114,16,14,0.875,"2026"
"297","2",115,16,14,0.875,"2026"
"298","2",116,16,14,0.875,"2026"
"299","2",117,16,14,0.875,"2026"
"300","2",118,16,14,0.875,"2026"
"301","2",119,16,14,0.875,"2026"
"302","2",120,16,14,0.875,"2026"
"303","2",121,16,14,0.875,"2026"
"304","2",122,16,14,0.875,"2026"
"305","2",123,16,13,0.8125,"2026"
"306","2",124,16,13,0.8125,"2026"
"307","2",125,16,13,0.8125,"2026"
"308","2",126,16,13,0.8125,"2026"
"309","2",127,16,13,0.8125,"2026"
"310","2",128,16,13,0.8125,"2026"
"311","2",129,16,13,0.8125,"2026"
"312","2",130,16,13,0.8125,"2026"
"313","2",131,16,13,0.8125,"2026"
"314","2",132,16,13,0.8125,"2026"
"315","2",133,16,13,0.8125,"2026"
"316","2",134,16,10,0.625,"2026"
"317","2",135,16,10,0.625,"2026"
"318","2",136,16,9,0.5625,"2026"
"319","2",137,16,9,0.5625,"2026"
"320","2",138,16,7,0.4375,"2026"
"321","2",139,16,7,0.4375,"2026"
"322","2",140,16,7,0.4375,"2026"
"323","2",141,16,7,0.4375,"2026"
"324","2",142,16,7,0.4375,"2026"
"325","2",143,16,4,0.25,"2026"
"326","2",144,16,4,0.25,"2026"
"327","2",145,16,4,0.25,"2026"
"328","2",146,16,3,0.1875,"2026"
"329","2",147,16,3,0.1875,"2026"
"330","2",148,16,3,0.1875,"2026"
"331","2",149,16,3,0.1875,"2026"
"332","2",150,16,3,0.1875,"2026"
"333","2",151,16,3,0.1875,"2026"
"334","2",152,16,3,0.1875,"2026"
"335","2",153,16,3,0.1875,"2026"
"336","2",154,16,1,0.0625,"2026"
"337","2",155,16,1,0.0625,"2026"
"338","2",156,16,1,0.0625,"2026"
"339","2",157,16,1,0.0625,"2026"
"340","2",158,16,1,0.0625,"2026"
"341","2",159,16,1,0.0625,"2026"
"342","2",160,16,1,0.0625,"2026"
"343","2",161,16,1,0.0625,"2026"
"344","2",162,16,1,0.0625,"2026"
"345","2",163,16,1,0.0625,"2026"
"346","2",164,16,0,0,"2026"
"347","2",165,16,0,0,"2026"
"348","2",166,16,0,0,"2026"
"349","2",167,16,0,0,"2026"
"350","2",168,16,0,0,"2026"
"351","2",169,16,0,0,"2026"
"352","2",170,16,0,0,"2026"
"353","2",171,16,0,0,"2026"
"354","2",172,16,0,0,"2026"
"355","2",173,16,0,0,"2026"
"356","2",174,16,0,0,"2026"
"357","2",175,16,0,0,"2026"
"358","2",176,16,0,0,"2026"
"359","2",177,16,0,0,"2026"
"360","2",178,16,0,0,"2026"
"361","2",179,16,0,0,"2026"
"362","2",180,16,0,0,"2026"
"363","3",0,16,16,1,"2026"
"364","3",1,16,16,1,"2026"
"365","3",2,16,16,1,"2026"
"366","3",3,16,16,1,"2026"
"367","3",4,16,16,1,"2026"
"368","3",5,16,16,1,"2026"
"369","3",6,16,16,1,"2026"
"370","3",7,16,16,1,"2026"
"371","3",8,16,16,1,"2026"
"372","3",9,16,16,1,"2026"
"373","3",10,16,16,1,"2026"
"374","3",11,16,16,1,"2026"
"375","3",12,16,16,1,"2026"
"376","3",13,16,16,1,"2026"
"377","3",14,16,16,1,"2026"
"378","3",15,16,16,1,"2026"
"379","3",16,16,16,1,"2026"
"380","3",17,16,16,1,"2026"
"381","3",18,16,16,1,"2026"
"382","3",19,16,16,1,"2026"
"383","3",20,16,16,1,"2026"
"384","3",21,16,16,1,"2026"
"385","3",22,16,16,1,"2026"
"386","3",23,16,16,1,"2026"
"387","3",24,16,16,1,"2026"
"388","3",25,16,16,1,"2026"
"389","3",26,16,16,1,"2026"
"390","3",27,16,16,1,"2026"
"391","3",28,16,16,1,"2026"
"392","3",29,16,16,1,"2026"
"393","3",30,16,16,1,"2026"
"394","3",31,16,16,1,"2026"
"395","3",32,16,16,1,"2026"
"396","3",33,16,16,1,"2026"
"397","3",34,16,16,1,"2026"
"398","3",35,16,16,1,"2026"
"399","3",36,16,16,1,"2026"
"400","3",37,16,16,1,"2026"
"401","3",38,16,16,1,"2026"
"402","3",39,16,16,1,"2026"
"403","3",40,16,16,1,"2026"
"404","3",41,16,16,1,"2026"
"405","3",42,16,16,1,"2026"
"406","3",43,16,16,1,"2026"
"407","3",44,16,16,1,"2026"
"408","3",45,16,16,1,"2026"
"409","3",46,16,16,1,"2026"
"410","3",47,16,16,1,"2026"
"411","3",48,16,16,1,"2026"
"412","3",49,16,16,1,"2026"
"413","3",50,16,16,1,"2026"
"414","3",51,16,16,1,"2026"
"415","3",52,16,16,1,"2026"
"416","3",53,16,16,1,"2026"
"417","3",54,16,16,1,"2026"
"418","3",55,16,16,1,"2026"
"419","3",56,16,16,1,"2026"
"420","3",57,16,16,1,"2026"
"421","3",58,16,16,1,"2026"
"422","3",59,16,16,1,"2026"
"423","3",60,16,16,1,"2026"
"424","3",61,16,16,1,"2026"
"425","3",62,16,16,1,"2026"
"426","3",63,16,16,1,"2026"
"427","3",64,16,16,1,"2026"
"428","3",65,16,16,1,"2026"
"429","3",66,16,16,1,"2026"
"430","3",67,16,16,1,"2026"
"431","3",68,16,16,1,"2026"
"432","3",69,16,16,1,"2026"
"433","3",70,16,16,1,"2026"
"434","3",71,16,16,1,"2026"
"435","3",72,16,16,1,"2026"
"436","3",73,16,16,1,"2026"
"437","3",74,16,16,1,"2026"
"438","3",75,16,16,1,"2026"
"439","3",76,16,16,1,"2026"
"440","3",77,16,16,1,"2026"
"441","3",78,16,16,1,"2026"
"442","3",79,16,16,1,"2026"
"443","3",80,16,16,1,"2026"
"444","3",81,16,16,1,"2026"
"445","3",82,16,16,1,"2026"
"446","3",83,16,16,1,"2026"
"447","3",84,16,16,1,"2026"
"448","3",85,16,16,1,"2026"
"449","3",86,16,16,1,"2026"
"450","3",87,16,16,1,"2026"
"451","3",88,16,16,1,"2026"
"452","3",89,16,16,1,"2026"
"453","3",90,16,16,1,"2026"
"454","3",91,16,16,1,"2026"
"455","3",92,16,16,1,"2026"
"456","3",93,16,16,1,"2026"
"457","3",94,16,16,1,"2026"
"458","3",95,16,16,1,"2026"
"459","3",96,16,16,1,"2026"
"460","3",97,16,16,1,"2026"
"461","3",98,16,16,1,"2026"
"462","3",99,16,16,1,"2026"
"463","3",100,16,16,1,"2026"
"464","3",101,16,16,1,"2026"
"465","3",102,16,16,1,"2026"
"466","3",103,16,16,1,"2026"
"467","3",104,16,16,1,"2026"
"468","3",105,16,16,1,"2026"
"469","3",106,16,16,1,"2026"
"470","3",107,16,16,1,"2026"
"471","3",108,16,16,1,"2026"
"472","3",109,16,16,1,"2026"
"473","3",110,16,16,1,"2026"
"474","3",111,16,16,1,"2026"
"475","3",112,16,16,1,"2026"
"476","3",113,16,16,1,"2026"
"477","3",114,16,16,1,"2026"
"478","3",115,16,16,1,"2026"
"479","3",116,16,16,1,"2026"
"480","3",117,16,16,1,"2026"
"481","3",118,16,15,0.9375,"2026"
"482","3",119,16,15,0.9375,"2026"
"483","3",120,16,15,0.9375,"2026"
"484","3",121,16,14,0.875,"2026"
"485","3",122,16,14,0.875,"2026"
"486","3",123,16,14,0.875,"2026"
"487","3",124,16,14,0.875,"2026"
"488","3",125,16,14,0.875,"2026"
"489","3",126,16,14,0.875,"2026"
"490","3",127,16,14,0.875,"2026"
"491","3",128,16,14,0.875,"2026"
"492","3",129,16,13,0.8125,"2026"
"493","3",130,16,12,0.75,"2026"
"494","3",131,16,12,0.75,"2026"
"495","3",132,16,12,0.75,"2026"
"496","3",133,16,12,0.75,"2026"
"497","3",134,16,7,0.4375,"2026"
"498","3",135,16,7,0.4375,"2026"
"499","3",136,16,7,0.4375,"2026"
"500","3",137,16,5,0.3125,"2026"
"501","3",138,16,5,0.3125,"2026"
"502","3",139,16,5,0.3125,"2026"
"503","3",140,16,4,0.25,"2026"
"504","3",141,16,0,0,"2026"
"505","3",142,16,0,0,"2026"
"506","3",143,16,0,0,"2026"
"507","3",144,16,0,0,"2026"
"508","3",145,16,0,0,"2026"
"509","3",146,16,0,0,"2026"
"510","3",147,16,0,0,"2026"
"511","3",148,16,0,0,"2026"
"512","3",149,16,0,0,"2026"
"513","3",150,16,0,0,"2026"
"514","3",151,16,0,0,"2026"
"515","3",152,16,0,0,"2026"
"516","3",153,16,0,0,"2026"
"517","3",154,16,0,0,"2026"
"518","3",155,16,0,0,"2026"
"519","3",156,16,0,0,"2026"
"520","3",157,16,0,0,"2026"
"521","3",158,16,0,0,"2026"
"522","3",159,16,0,0,"2026"
"523","3",160,16,0,0,"2026"
"524","3",161,16,0,0,"2026"
"525","3",162,16,0,0,"2026"
"526","3",163,16,0,0,"2026"
"527","3",164,16,0,0,"2026"
"528","3",165,16,0,0,"2026"
"529","3",166,16,0,0,"2026"
"530","3",167,16,0,0,"2026"
"531","3",168,16,0,0,"2026"
"532","3",169,16,0,0,"2026"
"533","3",170,16,0,0,"2026"
"534","3",171,16,0,0,"2026"
"535","3",172,16,0,0,"2026"
"536","3",173,16,0,0,"2026"
"537","3",174,16,0,0,"2026"
"538","3",175,16,0,0,"2026"
"539","3",176,16,0,0,"2026"
"540","3",177,16,0,0,"2026"
"541","3",178,16,0,0,"2026"
"542","3",179,16,0,0,"2026"
"543","3",180,16,0,0,"2026"
"544","4",0,16,16,1,"2026"
"545","4",1,16,16,1,"2026"
"546","4",2,16,16,1,"2026"
"547","4",3,16,16,1,"2026"
"548","4",4,16,16,1,"2026"
"549","4",5,16,16,1,"2026"
"550","4",6,16,16,1,"2026"
"551","4",7,16,16,1,"2026"
"552","4",8,16,16,1,"2026"
"553","4",9,16,16,1,"2026"
"554","4",10,16,16,1,"2026"
"555","4",11,16,16,1,"2026"
"556","4",12,16,16,1,"2026"
"557","4",13,16,16,1,"2026"
"558","4",14,16,16,1,"2026"
"559","4",15,16,16,1,"2026"
"560","4",16,16,16,1,"2026"
"561","4",17,16,16,1,"2026"
"562","4",18,16,16,1,"2026"
"563","4",19,16,16,1,"2026"
"564","4",20,16,16,1,"2026"
"565","4",21,16,16,1,"2026"
"566","4",22,16,16,1,"2026"
"567","4",23,16,16,1,"2026"
"568","4",24,16,16,1,"2026"
"569","4",25,16,16,1,"2026"
"570","4",26,16,16,1,"2026"
"571","4",27,16,16,1,"2026"
"572","4",28,16,16,1,"2026"
"573","4",29,16,16,1,"2026"
"574","4",30,16,16,1,"2026"
"575","4",31,16,16,1,"2026"
"576","4",32,16,16,1,"2026"
"577","4",33,16,16,1,"2026"
"578","4",34,16,16,1,"2026"
"579","4",35,16,16,1,"2026"
"580","4",36,16,16,1,"2026"
"581","4",37,16,16,1,"2026"
"582","4",38,16,16,1,"2026"
"583","4",39,16,16,1,"2026"
"584","4",40,16,16,1,"2026"
"585","4",41,16,16,1,"2026"
"586","4",42,16,16,1,"2026"
"587","4",43,16,16,1,"2026"
"588","4",44,16,16,1,"2026"
"589","4",45,16,16,1,"2026"
"590","4",46,16,16,1,"2026"
"591","4",47,16,16,1,"2026"
"592","4",48,16,16,1,"2026"
"593","4",49,16,16,1,"2026"
"594","4",50,16,16,1,"2026"
"595","4",51,16,16,1,"2026"
"596","4",52,16,16,1,"2026"
"597","4",53,16,16,1,"2026"
"598","4",54,16,16,1,"2026"
"599","4",55,16,16,1,"2026"
"600","4",56,16,16,1,"2026"
"601","4",57,16,8,0.5,"2026"
"602","4",58,16,8,0.5,"2026"
"603","4",59,16,8,0.5,"2026"
"604","4",60,16,8,0.5,"2026"
"605","4",61,16,8,0.5,"2026"
"606","4",62,16,8,0.5,"2026"
"607","4",63,16,8,0.5,"2026"
"608","4",64,16,8,0.5,"2026"
"609","4",65,16,8,0.5,"2026"
"610","4",66,16,8,0.5,"2026"
"611","4",67,16,8,0.5,"2026"
"612","4",68,16,8,0.5,"2026"
"613","4",69,16,8,0.5,"2026"
"614","4",70,16,8,0.5,"2026"
"615","4",71,16,8,0.5,"2026"
"616","4",72,16,8,0.5,"2026"
"617","4",73,16,8,0.5,"2026"
"618","4",74,16,8,0.5,"2026"
"619","4",75,16,8,0.5,"2026"
"620","4",76,16,8,0.5,"2026"
"621","4",77,16,8,0.5,"2026"
"622","4",78,16,0,0,"2026"
"623","4",79,16,0,0,"2026"
"624","4",80,16,0,0,"2026"
"625","4",81,16,0,0,"2026"
"626","4",82,16,0,0,"2026"
"627","4",83,16,0,0,"2026"
"628","4",84,16,0,0,"2026"
"629","4",85,16,0,0,"2026"
"630","4",86,16,0,0,"2026"
"631","4",87,16,0,0,"2026"
"632","4",88,16,0,0,"2026"
"633","4",89,16,0,0,"2026"
"634","4",90,16,0,0,"2026"
"635","4",91,16,0,0,"2026"
"636","4",92,16,0,0,"2026"
"637","4",93,16,0,0,"2026"
"638","4",94,16,0,0,"2026"
"639","4",95,16,0,0,"2026"
"640","4",96,16,0,0,"2026"
"641","4",97,16,0,0,"2026"
"642","4",98,16,0,0,"2026"
"643","4",99,16,0,0,"2026"
"644","4",100,16,0,0,"2026"
"645","4",101,16,0,0,"2026"
"646","4",102,16,0,0,"2026"
"647","4",103,16,0,0,"2026"
"648","4",104,16,0,0,"2026"
"649","4",105,16,0,0,"2026"
"650","4",106,16,0,0,"2026"
"651","4",107,16,0,0,"2026"
"652","4",108,16,0,0,"2026"
"653","4",109,16,0,0,"2026"
"654","4",110,16,0,0,"2026"
"655","4",111,16,0,0,"2026"
"656","4",112,16,0,0,"2026"
"657","4",113,16,0,0,"2026"
"658","4",114,16,0,0,"2026"
"659","4",115,16,0,0,"2026"
"660","4",116,16,0,0,"2026"
"661","4",117,16,0,0,"2026"
"662","4",118,16,0,0,"2026"
"663","4",119,16,0,0,"2026"
"664","4",120,16,0,0,"2026"
"665","4",121,16,0,0,"2026"
"666","4",122,16,0,0,"2026"
"667","4",123,16,0,0,"2026"
"668","4",124,16,0,0,"2026"
"669","4",125,16,0,0,"2026"
"670","4",126,16,0,0,"2026"
"671","4",127,16,0,0,"2026"
"672","4",128,16,0,0,"2026"
"673","4",129,16,0,0,"2026"
"674","4",130,16,0,0,"2026"
"675","4",131,16,0,0,"2026"
"676","4",132,16,0,0,"2026"
"677","4",133,16,0,0,"2026"
"678","4",134,16,0,0,"2026"
"679","4",135,16,0,0,"2026"
"680","4",136,16,0,0,"2026"
"681","4",137,16,0,0,"2026"
"682","4",138,16,0,0,"2026"
"683","4",139,16,0,0,"2026"
"684","4",140,16,0,0,"2026"
"685","4",141,16,0,0,"2026"
"686","4",142,16,0,0,"2026"
"687","4",143,16,0,0,"2026"
"688","4",144,16,0,0,"2026"
"689","4",145,16,0,0,"2026"
"690","4",146,16,0,0,"2026"
"691","4",147,16,0,0,"2026"
"692","4",148,16,0,0,"2026"
"693","4",149,16,0,0,"2026"
"694","4",150,16,0,0,"2026"
"695","4",151,16,0,0,"2026"
"696","4",152,16,0,0,"2026"
"697","4",153,16,0,0,"2026"
"698","4",154,16,0,0,"2026"
"699","4",155,16,0,0,"2026"
"700","4",156,16,0,0,"2026"
"701","4",157,16,0,0,"2026"
"702","4",158,16,0,0,"2026"
"703","4",159,16,0,0,"2026"
"704","4",160,16,0,0,"2026"
"705","4",161,16,0,0,"2026"
"706","4",162,16,0,0,"2026"
"707","4",163,16,0,0,"2026"
"708","4",164,16,0,0,"2026"
"709","4",165,16,0,0,"2026"
"710","4",166,16,0,0,"2026"
"711","4",167,16,0,0,"2026"
"712","4",168,16,0,0,"2026"
"713","4",169,16,0,0,"2026"
"714","4",170,16,0,0,"2026"
"715","4",171,16,0,0,"2026"
"716","4",172,16,0,0,"2026"
"717","4",173,16,0,0,"2026"
"718","4",174,16,0,0,"2026"
"719","4",175,16,0,0,"2026"
"720","4",176,16,0,0,"2026"
"721","4",177,16,0,0,"2026"
"722","4",178,16,0,0,"2026"
"723","4",179,16,0,0,"2026"
"724","4",180,16,0,0,"2026"
